id	gold	predicted
0	G	G
1	H	H
2	H	H
3	G	G
4	G	G
5	D	D
6	G	G
7	G	G
8	H	H
9	F	F
10	A	A
11	B	B
12	H	H
13	G	G
14	G	E
15	H	H
16	G	G
17	H	G
18	H	E
19	D	D
20	D	D
21	G	G
22	C	F
23	H	H
24	A	A
25	H	H
26	G	G
27	H	H
28	G	G
29	G	G
30	D	D
31	A	A
32	A	A
33	A	A
34	B	B
35	H	H
36	G	G
37	G	G
38	G	B
39	F	F
40	B	B
41	B	B
42	E	E
43	A	A
44	B	B
45	A	A
46	D	G
47	G	G
48	H	C
49	H	H
50	H	H
51	H	H
52	H	H
53	H	H
54	G	G
55	G	C
56	F	F
57	F	F
58	B	B
59	F	F
60	H	H
61	G	E
62	H	D
63	H	H
64	G	G
65	G	G
66	H	H
67	G	G
68	H	H
69	G	G
70	H	H
71	H	H
72	B	B
73	G	G
74	G	G
75	F	F
76	B	B
77	E	E
78	G	G
79	A	A
80	A	A
81	A	H
82	H	H
83	D	D
84	B	B
85	H	H
86	C	C
87	H	H
88	G	G
89	H	H
90	G	G
91	G	G
92	G	G
93	G	D
94	G	G
95	H	H
96	G	G
97	G	G
98	G	G
99	G	G
100	A	A
101	A	A
102	B	B
103	H	H
104	H	H
105	H	H
106	G	G
107	H	H
108	H	H
109	H	H
110	H	H
111	G	G
112	H	H
113	H	H
114	H	H
115	H	A
116	H	H
117	H	H
118	G	G
119	G	G
120	G	G
121	G	G
122	G	H
123	F	F
124	F	F
125	C	C
126	B	B
127	H	H
128	B	B
129	C	D
130	G	G
131	H	H
132	H	H
133	H	H
134	F	F
135	G	G
136	G	G
137	G	C
138	G	E
139	G	G
140	H	H
141	G	G
142	G	D
143	G	G
144	E	E
145	F	F
146	B	B
147	A	A
148	A	A
149	B	B
150	A	A
151	A	A
152	G	G
153	H	F
154	G	G
155	H	H
156	H	H
157	G	G
158	H	H
159	A	A
160	F	F
161	B	H
162	H	H
163	G	G
164	C	C
165	E	E
166	C	C
167	H	H
168	H	H
169	G	G
170	H	H
171	G	G
172	H	H
173	G	G
174	H	B
175	H	H
176	G	G
177	F	F
178	A	A
179	B	B
180	A	A
181	G	G
182	A	A
183	H	H
184	H	A
185	C	G
186	G	G
187	H	H
188	H	H
189	H	H
190	G	G
191	H	H
192	H	H
193	G	G
194	G	G
195	G	G
196	H	H
197	H	H
198	H	H
199	H	H
200	A	A
201	G	G
202	B	B
203	A	A
204	A	A
205	H	H
206	B	B
207	B	H
208	A	A
209	H	H
210	H	H
211	A	G
212	A	A
213	H	H
214	H	H
215	H	F
216	H	H
217	H	H
218	G	G
219	H	H
220	H	H
221	G	G
222	F	F
223	D	D
224	F	F
225	F	F
226	A	A
227	A	A
228	B	B
229	C	C
230	B	B
231	H	H
232	H	H
233	H	H
234	H	H
235	A	A
236	G	G
237	G	G
238	G	G
239	H	H
240	G	G
241	H	H
242	A	A
243	H	H
244	H	H
245	H	H
246	G	G
247	G	G
248	G	A
249	G	G
250	G	G
251	H	H
252	H	H
253	B	B
254	B	B
255	B	B
256	B	B
257	A	A
258	A	A
259	C	C
260	B	B
261	H	H
262	H	A
263	H	H
264	H	H
265	G	G
266	H	H
267	G	G
268	B	B
269	H	H
270	H	H
271	H	H
272	G	G
273	G	G
274	F	F
275	F	F
276	B	B
277	B	B
278	B	B
279	G	G
280	G	G
281	G	G
282	B	B
283	H	H
284	C	C
285	H	D
286	H	H
287	G	G
288	G	G
289	G	G
290	G	G
291	G	G
292	G	G
293	H	H
294	G	G
295	H	H
296	G	G
297	G	G
298	H	H
299	G	G
300	E	F
301	D	D
302	F	F
303	H	A
304	H	H
305	H	H
306	H	D
307	G	G
308	G	G
309	G	G
310	H	H
311	G	G
312	H	H
313	G	G
314	H	H
315	H	E
316	G	G
317	H	H
318	A	A
319	G	G
320	F	F
321	B	B
322	H	A
323	B	B
324	A	A
325	A	A
326	C	C
327	C	C
328	C	H
329	B	B
330	G	G
331	G	G
332	H	H
333	H	H
334	G	G
335	G	G
336	H	H
337	H	H
338	H	H
339	G	C
340	H	H
341	D	D
342	G	D
343	G	G
344	G	G
345	G	G
346	G	G
347	B	B
348	F	F
349	E	E
350	B	B
351	G	G
352	B	B
353	H	G
354	A	B
355	A	A
356	B	B
357	A	A
358	G	G
359	H	C
360	G	G
361	H	H
362	G	G
363	G	G
364	H	H
365	H	H
366	H	H
367	H	A
368	G	G
369	A	A
370	B	B
371	F	F
372	B	B
373	G	B
374	G	G
375	H	F
376	H	F
377	G	G
378	G	G
379	H	H
380	G	G
381	H	H
382	B	B
383	A	A
384	F	F
385	A	A
386	B	B
387	H	H
388	G	G
389	A	A
390	G	G
391	H	H
392	G	G
393	H	H
394	H	H
395	H	H
396	G	G
397	H	H
398	H	H
399	G	G
400	G	G
401	G	G
402	H	H
403	H	H
404	H	H
405	G	B
406	G	G
407	G	G
408	G	G
409	F	F
410	B	B
411	F	F
412	B	B
413	B	B
414	B	B
415	B	B
416	H	H
417	G	G
418	A	A
419	H	H
420	G	G
421	C	C
422	H	H
423	H	H
424	H	H
425	H	H
426	H	H
427	G	G
428	G	G
429	H	H
430	H	H
431	H	C
432	G	G
433	G	G
434	A	A
435	G	G
436	G	G
437	G	G
438	H	H
439	H	H
440	B	B
441	F	F
442	F	F
443	H	H
444	H	H
445	H	H
446	C	C
447	H	H
448	H	H
449	G	G
450	G	G
451	G	G
452	H	H
453	A	A
454	H	H
455	G	G
456	G	G
457	A	D
458	A	A
459	B	B
460	B	B
461	B	B
462	H	H
463	A	A
464	C	C
465	H	C
466	H	H
467	H	H
468	G	G
469	G	G
470	G	G
471	H	H
472	G	G
473	G	G
474	G	G
475	G	G
476	F	F
477	E	E
478	B	B
479	B	B
480	F	F
481	B	B
482	B	B
483	C	C
484	A	A
485	B	B
486	A	G
487	C	C
488	C	C
489	G	G
490	H	H
491	G	F
492	G	G
493	H	H
494	G	D
495	G	G
496	B	B
497	B	B
498	F	F
499	H	H
500	B	B
501	A	A
502	A	A
503	C	C
504	H	H
505	H	H
506	H	H
507	G	G
508	G	G
509	H	H
510	H	H
511	H	H
512	F	F
513	F	F
514	A	A
515	A	A
516	B	B
517	H	H
518	G	G
519	H	H
520	G	G
521	G	G
522	G	H
523	H	F
524	G	G
525	G	G
526	H	H
527	G	G
528	G	G
529	H	H
530	G	G
531	B	B
532	A	A
533	H	E
534	C	C
535	A	A
536	B	B
537	B	B
538	G	G
539	G	G
540	G	G
541	H	H
542	H	H
543	G	G
544	H	H
545	G	G
546	G	G
547	G	G
548	G	G
549	G	B
550	G	G
551	B	B
552	F	F
553	A	A
554	A	A
555	H	H
556	G	G
557	H	H
558	G	G
559	G	G
560	G	G
561	A	A
562	B	B
563	F	F
564	C	A
565	B	B
566	G	G
567	B	B
568	A	A
569	A	A
570	A	A
571	G	G
572	C	C
573	C	C
574	C	C
575	G	G
576	G	G
577	H	H
578	G	H
579	H	H
580	G	G
581	H	H
582	G	G
583	H	H
584	G	B
585	G	G
586	A	A
587	D	D
588	B	B
589	E	E
590	B	B
591	G	G
592	F	F
593	A	A
594	C	C
595	A	A
596	G	G
597	C	C
598	H	H
599	H	A
600	H	H
601	H	H
602	H	H
603	H	H
604	G	G
605	G	G
606	H	H
607	H	H
608	H	H
609	G	G
610	H	H
611	G	G
612	H	G
613	H	H
614	G	G
615	G	G
616	G	G
617	B	B
618	A	A
619	G	E
620	B	B
621	F	F
622	A	A
623	D	E
624	H	H
625	C	C
626	H	H
627	C	C
628	H	H
629	H	H
630	B	B
631	G	G
632	A	A
633	G	G
634	H	H
635	H	H
636	G	G
637	G	G
638	H	F
639	H	C
640	H	H
641	F	F
642	C	C
643	A	A
644	C	C
645	H	H
646	G	E
647	G	G
648	G	G
649	G	G
650	H	H
651	F	F
652	G	F
653	G	G
654	A	A
655	H	H
656	A	A
657	A	A
658	E	E
659	A	A
660	G	G
661	H	H
662	H	E
663	G	G
664	H	H
665	G	A
666	H	H
667	H	H
668	H	H
669	G	G
670	G	G
671	H	H
672	G	G
673	G	G
674	G	G
675	G	G
676	A	A
677	A	C
678	A	A
679	B	B
680	G	G
681	H	H
682	G	G
683	H	H
684	C	C
685	C	C
686	A	A
687	H	H
688	H	D
689	H	H
690	G	G
691	H	H
692	H	H
693	H	H
694	H	H
695	A	A
696	G	G
697	F	F
698	E	E
699	B	B
700	B	B
701	A	A
702	C	C
703	C	C
704	G	G
705	H	H
706	G	G
707	H	H
708	G	G
709	G	G
710	H	H
711	G	G
712	H	H
713	A	A
714	A	A
715	G	G
716	H	H
717	G	G
718	B	H
719	B	B
720	A	A
721	B	B
722	F	E
723	B	B
724	C	C
725	H	H
726	H	H
727	H	H
728	F	F
729	H	H
730	G	G
731	G	A
732	G	G
733	H	H
734	G	G
735	G	G
736	G	G
737	G	G
738	G	G
739	G	G
740	H	H
741	G	G
742	G	D
743	B	B
744	B	B
745	A	A
746	H	G
747	A	A
748	H	H
749	C	C
750	C	C
751	C	C
752	C	C
753	C	C
754	G	G
755	G	F
756	H	H
757	G	G
758	H	H
759	G	G
760	H	H
761	G	G
762	F	F
763	F	F
764	G	G
765	H	H
766	C	C
767	G	G
768	G	G
769	H	H
770	G	G
771	H	H
772	H	H
773	G	G
774	G	G
775	G	F
776	G	G
777	G	G
778	B	B
779	G	G
780	H	A
781	A	A
782	B	B
783	H	H
784	H	H
785	C	C
786	C	C
787	C	C
788	C	C
789	E	E
790	G	G
791	H	H
792	H	H
793	G	G
794	G	G
795	G	G
796	H	F
797	H	H
798	H	H
799	G	G
800	G	G
801	G	G
802	F	D
803	F	F
804	D	D
805	G	G
806	B	B
807	G	G
808	H	H
809	H	H
810	B	B
811	A	A
812	A	A
813	C	C
814	H	H
815	H	H
816	H	C
817	H	H
818	B	B
819	H	H
820	H	H
821	H	H
822	G	G
823	H	H
824	B	B
825	F	F
826	B	B
827	B	B
828	B	B
829	B	B
830	H	H
831	H	H
832	A	A
833	C	C
834	C	C
835	G	G
836	G	A
837	G	G
838	G	B
839	H	H
840	G	G
841	G	G
842	H	H
843	A	A
844	G	G
845	B	B
846	B	B
847	B	A
848	A	A
849	A	A
850	H	H
851	H	H
852	G	G
853	H	H
854	G	G
855	H	H
856	G	G
857	H	H
858	A	A
859	B	E
860	G	G
861	G	G
862	G	G
863	G	G
864	G	G
865	F	F
866	D	D
867	F	F
868	A	A
869	B	B
870	H	H
871	A	H
872	A	A
873	C	C
874	C	C
875	H	H
876	H	H
877	G	G
878	G	G
879	H	H
880	H	H
881	A	A
882	A	H
883	E	E
884	G	G
885	H	H
886	G	G
887	G	B
888	G	G
889	G	G
890	E	E
891	E	E
892	B	C
893	A	A
894	A	A
895	C	E
896	G	C
897	G	G
898	H	H
899	H	H
900	G	G
901	G	G
902	H	H
903	D	D
904	B	B
905	B	B
906	H	H
907	A	A
908	H	H
909	H	H
910	G	G
911	H	C
912	H	H
913	H	H
914	H	H
915	H	H
916	G	G
917	H	H
918	A	A
919	F	F
920	F	F
921	B	G
922	B	B
923	C	C
924	C	C
925	H	H
926	C	C
927	C	C
928	G	G
929	G	G
930	H	H
931	H	H
932	G	G
933	H	H
934	H	H
935	G	G
936	G	G
937	H	H
938	G	B
939	G	G
940	G	G
941	F	F
942	B	B
943	B	B
944	F	F
945	H	H
946	A	A
947	C	C
948	C	C
949	G	G
950	G	G
951	G	G
952	H	H
953	H	H
954	H	H
955	H	H
956	G	G
957	G	D
958	G	G
959	A	D
960	G	G
961	B	B
962	A	A
963	D	D
964	B	B
965	A	A
966	B	B
967	H	H
968	H	H
969	H	H
970	G	G
971	G	G
972	G	B
973	H	H
974	H	H
975	G	G
976	F	F
977	B	G
978	B	B
979	B	B
980	H	H
981	H	H
982	H	E
983	G	E
984	G	G
985	H	H
986	G	G
987	A	F
988	H	H
989	H	H
990	G	G
991	A	A
992	F	F
993	G	G
994	F	F
995	A	A
996	B	F
997	C	C
998	H	H
999	H	H
1000	H	H
1001	H	H
1002	H	E
1003	H	H
1004	G	G
1005	G	G
1006	G	G
1007	G	G
1008	F	F
1009	F	F
1010	E	D
1011	F	F
1012	H	A
1013	B	B
1014	B	B
1015	H	H
1016	H	H
1017	H	H
1018	H	H
1019	G	G
1020	H	H
1021	H	B
1022	H	H
1023	G	G
1024	G	G
1025	E	E
1026	E	E
1027	A	A
1028	B	B
1029	G	A
1030	H	E
1031	A	A
1032	C	C
1033	H	H
1034	G	G
1035	G	G
1036	H	H
1037	H	H
1038	G	G
1039	G	G
1040	F	F
1041	F	F
1042	F	F
1043	H	C
1044	C	C
1045	G	G
1046	H	H
1047	G	G
1048	H	H
1049	G	G
1050	G	G
1051	H	H
1052	H	H
1053	G	G
1054	A	A
1055	B	B
1056	A	A
1057	G	G
1058	H	A
1059	B	B
1060	A	A
1061	G	G
1062	G	G
1063	C	C
1064	H	H
1065	H	H
1066	G	G
1067	H	H
1068	G	G
1069	H	H
1070	G	G
1071	H	F
1072	H	H
1073	B	B
1074	G	G
1075	H	H
1076	G	G
1077	E	E
1078	B	B
1079	F	F
1080	H	D
1081	A	A
1082	B	B
1083	A	A
1084	H	H
1085	C	C
1086	H	H
1087	H	H
1088	H	H
1089	H	H
1090	H	H
1091	H	H
1092	G	G
1093	G	G
1094	G	G
1095	H	A
1096	H	H
1097	G	G
1098	G	G
1099	G	G
1100	H	C
1101	G	G
1102	B	B
1103	G	D
1104	F	F
1105	A	G
1106	B	B
1107	B	C
1108	G	G
1109	A	A
1110	H	H
1111	G	G
1112	G	G
1113	G	G
1114	H	H
1115	G	G
1116	H	G
1117	F	F
1118	B	B
1119	B	B
1120	E	E
1121	B	B
1122	H	H
1123	A	A
1124	A	A
1125	B	B
1126	C	C
1127	C	C
1128	C	C
1129	A	D
1130	G	G
1131	G	G
1132	H	H
1133	A	A
1134	G	G
1135	G	G
1136	G	G
1137	A	A
1138	F	F
1139	A	A
1140	B	B
1141	B	B
1142	A	A
1143	B	B
1144	C	C
1145	C	C
1146	C	C
1147	H	H
1148	H	H
1149	H	H
1150	H	H
1151	H	H
1152	G	C
1153	G	G
1154	H	H
1155	H	H
1156	A	A
1157	G	G
1158	G	G
1159	G	G
1160	H	H
1161	G	G
1162	H	H
1163	G	G
1164	F	F
1165	B	B
1166	B	G
1167	A	A
1168	A	A
1169	B	B
1170	B	B
1171	G	G
1172	H	H
1173	G	G
1174	H	H
1175	H	H
1176	H	H
1177	H	H
1178	H	H
1179	H	H
1180	H	H
1181	H	H
1182	H	H
1183	A	A
1184	G	G
1185	G	G
1186	E	B
1187	E	E
1188	A	A
1189	A	A
1190	A	A
1191	C	C
1192	C	C
1193	H	H
1194	G	G
1195	G	G
1196	G	G
1197	B	B
1198	A	A
1199	A	A
1200	F	F
1201	A	A
1202	C	C
1203	H	H
1204	G	C
1205	H	H
1206	H	H
1207	G	G
1208	H	H
1209	F	F
1210	G	G
1211	G	G
1212	H	H
1213	G	G
1214	G	G
1215	B	B
1216	E	C
1217	G	G
1218	B	B
1219	G	G
1220	A	A
1221	C	C
1222	C	C
1223	G	G
1224	H	H
1225	H	H
1226	H	H
1227	G	B
1228	G	G
1229	H	H
1230	A	G
1231	B	B
1232	G	G
1233	B	B
1234	B	B
1235	B	B
1236	G	G
1237	G	G
1238	H	D
1239	A	A
1240	A	A
1241	H	H
1242	G	G
1243	H	H
1244	H	H
1245	H	H
1246	G	G
1247	H	H
1248	G	G
1249	G	G
1250	G	G
1251	G	G
1252	G	G
1253	G	G
1254	D	D
1255	B	B
1256	G	G
1257	B	B
1258	A	A
1259	A	A
1260	G	G
1261	G	G
1262	G	G
1263	H	E
1264	H	H
1265	G	G
1266	G	G
1267	F	F
1268	F	F
1269	B	B
1270	A	A
1271	B	B
1272	H	H
1273	C	C
1274	H	H
1275	H	H
1276	G	C
1277	G	G
1278	G	G
1279	G	G
1280	H	E
1281	H	H
1282	B	B
1283	G	G
1284	G	G
1285	G	G
1286	B	B
1287	F	F
1288	B	B
1289	F	F
1290	A	A
1291	B	B
1292	H	H
1293	G	G
1294	H	H
1295	G	G
1296	G	G
1297	G	G
1298	G	G
1299	G	G
1300	H	H
1301	G	G
1302	G	G
1303	G	G
1304	G	G
1305	F	F
1306	B	B
1307	G	G
1308	B	B
1309	G	G
1310	G	G
1311	A	A
1312	B	A
1313	C	B
1314	C	C
1315	G	G
1316	H	H
1317	H	H
1318	G	G
1319	H	H
1320	H	H
1321	G	G
1322	B	F
1323	B	B
1324	B	B
1325	A	A
1326	H	H
1327	H	H
1328	H	H
1329	G	G
1330	G	G
1331	H	H
1332	B	F
1333	F	F
1334	A	A
1335	G	G
1336	A	A
1337	H	H
1338	H	H
1339	G	G
1340	H	H
1341	G	G
1342	G	G
1343	H	H
1344	H	E
1345	G	G
1346	G	G
1347	G	G
1348	F	F
1349	B	B
1350	H	H
1351	A	A
1352	C	C
1353	C	C
1354	C	C
1355	H	H
1356	G	G
1357	H	H
1358	H	H
1359	H	B
1360	H	H
1361	G	G
1362	G	G
1363	F	H
1364	B	B
1365	G	G
1366	B	B
1367	F	F
1368	C	C
1369	H	H
1370	C	C
1371	C	D
1372	C	C
1373	C	C
1374	H	H
1375	G	E
1376	H	H
1377	H	H
1378	G	G
1379	G	G
1380	H	H
1381	B	B
1382	B	B
1383	A	G
1384	B	B
1385	A	A
1386	D	D
1387	C	E
1388	H	H
1389	H	H
1390	H	H
1391	H	H
1392	H	H
1393	G	G
1394	G	G
1395	G	G
1396	G	G
1397	G	G
1398	H	H
1399	H	A
1400	H	H
1401	G	G
1402	G	G
1403	G	G
1404	G	G
1405	H	B
1406	H	H
1407	A	G
1408	A	A
1409	H	H
1410	G	G
1411	G	G
1412	G	G
1413	G	G
1414	G	G
1415	G	G
1416	G	G
1417	H	H
1418	G	G
1419	G	G
1420	G	G
1421	E	E
1422	B	B
1423	F	F
1424	A	A
1425	H	H
1426	H	B
1427	H	H
1428	H	H
1429	H	H
1430	H	B
1431	G	G
1432	G	G
1433	F	F
1434	G	G
1435	B	B
1436	A	D
1437	A	A
1438	C	C
1439	H	H
1440	H	H
1441	C	E
1442	A	A
1443	G	G
1444	H	H
1445	H	F
1446	H	H
1447	G	G
1448	H	H
1449	H	H
1450	G	G
1451	G	G
1452	G	G
1453	A	A
1454	F	A
1455	A	A
1456	A	E
1457	G	G
1458	G	G
1459	G	G
1460	B	B
1461	A	A
1462	B	C
1463	H	G
1464	C	C
1465	H	F
1466	H	H
1467	G	G
1468	H	H
1469	G	G
1470	H	H
1471	G	F
1472	B	B
1473	H	H
1474	H	H
1475	G	G
1476	G	G
1477	B	A
1478	B	B
1479	A	A
1480	B	B
1481	B	B
1482	G	G
1483	A	A
1484	A	A
1485	C	C
1486	H	H
1487	H	H
1488	C	C
1489	G	G
1490	H	H
1491	H	H
1492	H	H
1493	G	G
1494	H	H
1495	G	G
1496	E	F
1497	B	B
1498	B	B
1499	G	G
1500	A	A
1501	H	H
1502	H	H
1503	H	H
1504	B	B
1505	G	G
1506	H	H
1507	G	G
1508	G	G
1509	H	H
1510	G	G
1511	G	G
1512	F	H
1513	G	G
1514	G	G
1515	A	A
1516	A	A
1517	A	A
1518	C	C
1519	G	G
1520	H	H
1521	G	G
1522	G	G
1523	G	G
1524	H	H
1525	H	H
1526	G	G
1527	H	H
1528	G	G
1529	H	H
1530	G	G
1531	B	B
1532	F	F
1533	B	B
1534	A	A
1535	H	H
1536	G	G
1537	G	G
1538	G	G
1539	H	H
1540	H	F
1541	G	G
1542	H	H
1543	H	C
1544	H	H
1545	H	F
1546	H	H
1547	G	G
1548	G	G
1549	G	G
1550	B	B
1551	F	F
1552	B	B
1553	B	B
1554	B	B
1555	A	F
1556	C	C
1557	G	G
1558	C	C
1559	C	C
1560	G	G
1561	H	H
1562	H	H
1563	G	G
1564	G	G
1565	G	G
1566	F	F
1567	H	H
1568	G	G
1569	C	C
1570	H	H
1571	F	F
1572	H	H
1573	G	G
1574	G	G
1575	G	A
1576	H	H
1577	H	B
1578	G	G
1579	G	G
1580	G	G
1581	H	H
1582	A	A
1583	G	G
1584	G	G
1585	G	G
1586	B	B
1587	B	B
1588	A	A
1589	C	C
1590	C	C
1591	H	H
1592	C	C
1593	H	H
1594	H	H
1595	H	H
1596	G	G
1597	G	G
1598	G	E
1599	G	G
1600	H	H
1601	H	H
1602	H	H
1603	H	H
1604	G	G
1605	G	G
1606	G	G
1607	H	H
1608	A	A
1609	A	A
1610	F	F
1611	G	G
1612	B	B
1613	B	B
1614	B	B
1615	G	H
1616	A	A
1617	B	B
1618	C	C
1619	H	H
1620	H	H
1621	G	H
1622	H	H
1623	H	H
1624	H	H
1625	B	B
1626	H	H
1627	H	H
1628	G	G
1629	F	F
1630	B	D
1631	B	B
1632	E	E
1633	A	A
1634	C	C
1635	H	H
1636	H	H
1637	H	H
1638	H	G
1639	G	G
1640	A	A
1641	G	G
1642	G	G
1643	G	G
1644	B	B
1645	H	B
1646	A	A
1647	C	C
1648	A	A
1649	C	A
1650	G	G
1651	H	H
1652	B	B
1653	H	H
1654	G	G
1655	H	F
1656	G	G
1657	H	H
1658	G	G
1659	G	G
1660	A	A
1661	B	B
1662	F	H
1663	E	D
1664	G	G
1665	B	B
1666	A	A
1667	A	A
1668	C	C
1669	G	H
1670	H	H
1671	H	H
1672	G	A
1673	H	H
1674	H	H
1675	G	G
1676	H	H
1677	G	G
1678	F	F
1679	G	G
1680	A	A
1681	B	B
1682	G	F
1683	C	C
1684	C	C
1685	A	A
1686	H	H
1687	G	G
1688	G	G
1689	H	H
1690	G	G
1691	H	H
1692	G	G
1693	G	G
1694	G	G
1695	B	B
1696	A	A
1697	F	F
1698	G	G
1699	G	G
1700	H	H
1701	G	G
1702	G	E
1703	H	C
1704	G	G
1705	G	G
1706	G	G
1707	G	C
1708	G	G
1709	G	G
1710	A	A
1711	F	F
1712	E	E
1713	B	B
1714	G	G
1715	H	G
1716	A	A
1717	A	A
1718	A	A
1719	A	A
1720	C	C
1721	G	G
1722	G	G
1723	H	H
1724	G	G
1725	H	H
1726	H	H
1727	G	A
1728	F	F
1729	B	B
1730	H	H
1731	H	H
1732	B	B
1733	C	C
1734	C	C
1735	H	H
1736	H	H
1737	G	G
1738	H	H
1739	G	G
1740	H	H
1741	G	G
1742	H	H
1743	G	G
1744	G	H
1745	E	E
1746	A	H
1747	H	H
1748	G	G
1749	C	C
1750	H	H
1751	H	H
1752	G	G
1753	G	G
1754	H	H
1755	H	H
1756	G	G
1757	H	H
1758	G	G
1759	A	A
1760	G	G
1761	A	A
1762	G	G
1763	B	B
1764	B	B
1765	H	H
1766	H	H
1767	C	E
1768	H	H
1769	G	G
1770	G	G
1771	H	H
1772	G	G
1773	G	G
1774	G	G
1775	G	G
1776	G	G
1777	A	A
1778	G	G
1779	B	B
1780	B	B
1781	C	C
1782	A	A
1783	C	C
1784	G	G
1785	H	H
1786	H	H
1787	H	H
1788	H	H
1789	G	G
1790	G	G
1791	H	H
1792	G	G
1793	G	G
1794	G	G
1795	G	G
1796	B	B
1797	G	F
1798	E	E
1799	B	A
1800	B	B
1801	B	B
1802	H	H
1803	B	B
1804	F	F
1805	A	A
1806	A	A
1807	C	C
1808	C	C
1809	H	H
1810	H	E
1811	G	G
1812	G	G
1813	H	H
1814	F	F
1815	G	G
1816	H	H
1817	H	F
1818	G	G
1819	G	G
1820	B	B
1821	B	G
1822	B	B
1823	F	F
1824	A	A
1825	G	G
1826	H	H
1827	H	H
1828	E	E
1829	H	H
1830	G	G
1831	H	C
1832	H	H
1833	H	H
1834	B	B
1835	B	B
1836	A	A
1837	B	B
1838	H	H
1839	A	A
1840	B	B
1841	H	H
1842	H	H
1843	C	C
1844	H	H
1845	A	H
1846	G	G
1847	H	H
1848	G	G
1849	H	C
1850	H	H
1851	G	G
1852	H	H
1853	G	G
1854	G	G
1855	H	H
1856	H	H
1857	G	G
1858	G	B
1859	A	C
1860	G	G
1861	A	A
1862	F	F
1863	C	C
1864	C	C
1865	H	H
1866	C	C
1867	H	H
1868	G	G
1869	G	A
1870	H	H
1871	H	H
1872	G	G
1873	G	G
1874	G	G
1875	B	B
1876	H	H
1877	G	G
1878	B	F
1879	E	E
1880	F	F
1881	C	C
1882	C	C
1883	G	D
1884	C	B
1885	C	B
1886	H	H
1887	C	C
1888	C	C
1889	C	C
1890	C	C
1891	H	H
1892	H	H
1893	B	B
1894	G	G
1895	H	C
1896	H	H
1897	G	G
1898	G	G
1899	G	G
1900	G	G
1901	G	E
1902	G	G
1903	E	E
1904	A	A
1905	B	B
1906	B	B
1907	B	A
1908	F	F
1909	H	H
1910	C	C
1911	G	G
1912	G	G
1913	H	H
1914	G	G
1915	H	H
1916	F	F
1917	B	B
1918	E	E
1919	A	A
1920	B	B
1921	C	C
1922	H	H
1923	G	G
1924	H	H
1925	H	H
1926	G	G
1927	G	G
1928	H	H
1929	H	H
1930	G	G
1931	H	H
1932	G	G
1933	G	G
1934	G	G
1935	B	E
1936	B	B
1937	H	H
1938	B	B
1939	B	B
1940	B	B
1941	A	A
1942	H	H
1943	G	G
1944	H	A
1945	H	H
1946	H	H
1947	G	G
1948	G	G
1949	H	H
1950	G	G
1951	H	H
1952	A	A
1953	G	G
1954	B	B
1955	H	H
1956	H	D
1957	G	G
1958	H	A
1959	G	G
1960	F	F
1961	B	H
1962	A	A
1963	H	H
1964	H	H
1965	H	H
1966	H	H
1967	C	C
1968	H	H
1969	G	G
1970	H	H
1971	H	D
1972	H	H
1973	H	H
1974	G	G
1975	H	H
1976	G	G
1977	A	A
1978	F	D
1979	A	A
1980	H	H
1981	C	C
1982	H	H
1983	H	H
1984	G	G
1985	G	G
1986	G	D
1987	H	H
1988	G	G
1989	A	A
1990	B	B
1991	G	G
1992	G	G
1993	B	B
1994	H	H
1995	F	F
1996	E	E
1997	B	B
1998	B	B
1999	A	A
2000	C	C
2001	G	G
2002	G	G
2003	H	H
2004	G	G
2005	H	H
2006	G	G
2007	H	H
2008	H	H
2009	H	H
2010	H	H
2011	H	H
2012	B	D
2013	G	G
2014	G	G
2015	A	A
2016	A	A
2017	B	B
2018	H	H
2019	A	A
2020	A	A
2021	G	C
2022	H	H
2023	G	G
2024	G	G
2025	H	B
2026	H	H
2027	A	A
2028	B	B
2029	A	A
2030	C	C
2031	A	A
2032	H	H
2033	H	H
2034	G	C
2035	G	G
2036	G	G
2037	H	H
2038	G	G
2039	G	G
2040	H	H
2041	G	G
2042	H	H
2043	B	B
2044	F	F
2045	D	D
2046	A	A
2047	A	A
2048	B	B
2049	C	C
2050	G	G
2051	G	F
2052	H	H
2053	H	H
2054	H	H
2055	H	C
2056	G	G
2057	G	G
2058	H	H
2059	H	H
2060	G	G
2061	H	H
2062	G	G
2063	F	A
2064	B	B
2065	B	B
2066	G	G
2067	A	A
2068	H	H
2069	C	C
2070	G	F
2071	H	H
2072	H	H
2073	G	G
2074	G	G
2075	G	G
2076	H	H
2077	H	H
2078	H	H
2079	H	H
2080	A	A
2081	G	G
2082	G	G
2083	F	F
2084	G	G
2085	B	B
2086	A	A
2087	C	C
2088	C	C
2089	H	H
2090	H	D
2091	H	H
2092	H	H
2093	G	G
2094	H	H
2095	G	G
2096	H	H
2097	H	H
2098	G	A
2099	G	G
2100	H	H
2101	G	G
2102	G	G
2103	E	E
2104	D	D
2105	G	G
2106	A	A
2107	G	G
2108	H	H
2109	H	H
2110	H	H
2111	G	G
2112	G	G
2113	H	H
2114	H	H
2115	G	G
2116	G	G
2117	G	G
2118	F	F
2119	B	B
2120	F	F
2121	A	A
2122	B	B
2123	H	H
2124	G	G
2125	H	H
2126	H	H
2127	G	G
2128	G	G
2129	H	H
2130	H	H
2131	G	G
2132	G	G
2133	G	G
2134	G	G
2135	G	G
2136	G	G
2137	F	F
2138	B	B
2139	F	C
2140	E	E
2141	E	E
2142	C	C
2143	G	G
2144	H	F
2145	H	H
2146	H	H
2147	H	H
2148	H	H
2149	G	G
2150	G	G
2151	H	H
2152	G	G
2153	H	H
2154	G	G
2155	H	H
2156	H	H
2157	G	G
2158	D	D
2159	F	H
2160	A	A
2161	B	B
2162	B	B
2163	H	H
2164	A	A
2165	B	B
2166	C	C
2167	G	G
2168	H	H
2169	G	G
2170	G	G
2171	G	G
2172	H	H
2173	G	G
2174	H	H
2175	H	H
2176	G	G
2177	B	H
2178	B	B
2179	C	C
2180	H	H
2181	H	H
2182	G	G
2183	G	G
2184	H	H
2185	G	G
2186	G	G
2187	H	H
2188	H	H
2189	G	G
2190	H	H
2191	A	A
2192	A	A
2193	F	F
2194	B	B
2195	G	B
2196	A	A
2197	A	A
2198	H	H
2199	H	H
2200	H	H
2201	G	G
2202	G	G
2203	H	H
2204	H	H
2205	H	H
2206	H	H
2207	G	G
2208	H	H
2209	H	H
2210	H	H
2211	G	G
2212	G	G
2213	C	F
2214	C	C
2215	H	H
2216	A	A
2217	A	A
2218	H	H
2219	G	G
2220	H	H
2221	G	G
2222	H	H
2223	G	G
2224	G	G
2225	G	G
2226	H	H
2227	G	F
2228	F	F
2229	F	B
2230	F	F
2231	B	B
2232	A	A
2233	F	F
2234	B	B
2235	H	H
2236	A	A
2237	B	B
2238	C	C
2239	H	F
2240	C	C
2241	C	C
2242	C	C
2243	G	G
2244	H	H
2245	G	G
2246	G	G
2247	G	G
2248	H	H
2249	H	H
2250	H	H
2251	G	G
2252	H	H
2253	H	H
2254	G	G
2255	H	H
2256	G	G
2257	B	B
2258	G	G
2259	G	G
2260	C	C
2261	H	H
2262	C	C
2263	H	H
2264	H	H
2265	G	G
2266	H	H
2267	H	H
2268	H	A
2269	H	F
2270	H	H
2271	G	G
2272	G	G
2273	H	H
2274	G	G
2275	F	F
2276	F	F
2277	A	A
2278	B	F
2279	F	C
2280	B	B
2281	A	A
2282	C	C
2283	C	C
2284	H	H
2285	H	H
2286	G	G
2287	G	G
2288	G	G
2289	G	G
2290	H	D
2291	H	H
2292	G	G
2293	G	G
2294	G	G
2295	G	G
2296	G	G
2297	F	F
2298	B	B
2299	H	F
2300	C	C
2301	G	D
2302	C	F
2303	C	C
2304	G	G
2305	B	B
2306	H	H
2307	H	D
2308	G	C
2309	G	G
2310	G	G
2311	G	C
2312	H	H
2313	G	G
2314	A	A
2315	A	A
2316	F	F
2317	G	G
2318	H	H
2319	G	G
2320	G	G
2321	G	B
2322	G	G
2323	A	A
2324	B	F
2325	F	F
2326	G	G
2327	H	H
2328	G	G
2329	H	G
2330	H	D
2331	G	G
2332	G	G
2333	H	H
2334	G	C
2335	H	H
2336	G	G
2337	A	A
2338	E	E
2339	F	F
2340	B	B
2341	B	B
2342	B	B
2343	G	G
2344	G	G
2345	G	G
2346	H	H
2347	H	H
2348	G	G
2349	G	G
2350	H	H
2351	G	G
2352	H	H
2353	H	H
2354	G	G
2355	G	G
2356	G	G
2357	G	G
2358	F	F
2359	A	A
2360	G	G
2361	D	D
2362	C	D
2363	G	G
2364	G	G
2365	H	H
2366	G	G
2367	G	G
2368	H	H
2369	H	H
2370	G	G
2371	G	G
2372	G	G
2373	G	G
2374	G	G
2375	G	G
2376	E	B
2377	B	B
2378	A	A
2379	B	B
2380	G	H
2381	H	H
2382	G	G
2383	G	G
2384	H	C
2385	H	H
2386	C	C
2387	H	G
2388	H	H
2389	H	H
2390	G	G
2391	H	D
2392	G	G
2393	H	H
2394	B	B
2395	G	G
2396	H	H
2397	A	A
2398	A	A
2399	A	C
2400	C	D
2401	H	H
2402	H	F
2403	H	H
2404	H	E
2405	H	H
2406	H	H
2407	G	G
2408	H	H
2409	G	G
2410	H	H
2411	G	G
2412	G	G
2413	G	G
2414	G	G
2415	G	G
2416	G	G
2417	G	G
2418	F	F
2419	A	A
2420	C	C
2421	B	B
2422	H	C
2423	H	H
2424	H	H
2425	B	B
2426	G	G
2427	G	G
2428	G	G
2429	B	B
2430	B	B
2431	G	G
2432	G	G
2433	A	A
2434	B	B
2435	F	F
2436	F	F
2437	B	B
2438	B	B
2439	H	H
2440	A	A
2441	A	E
2442	H	H
2443	G	G
2444	H	H
2445	H	H
2446	H	H
2447	G	G
2448	H	H
2449	H	H
2450	H	H
2451	G	G
2452	G	G
2453	B	B
2454	F	F
2455	G	G
2456	B	B
2457	A	B
2458	C	H
2459	C	C
2460	C	C
2461	H	H
2462	H	H
2463	H	H
2464	H	H
2465	G	G
2466	H	H
2467	G	G
2468	G	G
2469	B	B
2470	G	G
2471	E	E
2472	B	B
2473	B	B
2474	H	B
2475	C	C
2476	C	F
2477	C	C
2478	C	E
2479	H	H
2480	H	H
2481	H	H
2482	G	G
2483	G	G
2484	G	G
2485	G	G
2486	B	B
2487	H	C
2488	G	C
2489	H	H
2490	H	H
2491	F	F
2492	B	B
2493	B	B
2494	B	B
2495	F	F
2496	A	G
2497	C	C
2498	B	B
2499	C	C
2500	H	H
2501	H	H
2502	G	G
2503	H	H
2504	H	H
2505	H	H
2506	G	G
2507	G	G
2508	B	B
2509	B	C
2510	B	B
2511	F	F
2512	A	A
2513	A	F
2514	A	A
2515	H	H
2516	G	G
2517	G	G
2518	H	H
2519	H	H
2520	H	H
2521	H	H
2522	H	D
2523	H	H
2524	G	G
2525	G	G
2526	G	G
2527	G	G
2528	H	H
2529	H	H
2530	G	G
2531	F	F
2532	B	B
2533	B	B
2534	G	G
2535	F	F
2536	A	A
2537	F	F
2538	H	H
2539	G	G
2540	G	G
2541	G	A
2542	H	F
2543	G	G
2544	H	H
2545	H	H
2546	G	C
2547	H	H
2548	G	G
2549	G	G
2550	G	G
2551	H	B
2552	G	G
2553	C	C
2554	G	G
2555	B	B
2556	A	A
2557	A	E
2558	C	C
2559	H	H
2560	G	G
2561	H	H
2562	H	H
2563	G	G
2564	G	E
2565	G	G
2566	A	A
2567	A	F
2568	C	C
2569	C	C
2570	H	H
2571	H	H
2572	H	F
2573	G	G
2574	H	H
2575	H	H
2576	H	H
2577	G	G
2578	G	C
2579	E	E
2580	G	D
2581	F	F
2582	G	G
2583	H	H
2584	A	A
2585	C	C
2586	C	C
2587	G	G
2588	H	H
2589	H	H
2590	H	H
2591	G	G
2592	H	H
2593	G	G
2594	G	A
2595	H	A
2596	H	H
2597	G	G
2598	H	G
2599	G	G
2600	G	G
2601	C	A
2602	C	C
2603	C	C
2604	H	H
2605	H	H
2606	G	G
2607	G	G
2608	G	G
2609	G	G
2610	E	E
2611	B	B
2612	D	D
2613	A	A
2614	H	H
2615	H	H
2616	G	G
2617	G	G
2618	F	F
2619	A	A
2620	C	C
2621	A	A
2622	H	G
2623	G	G
2624	H	H
2625	H	H
2626	G	G
2627	B	B
2628	A	A
2629	C	C
2630	C	C
2631	A	B
2632	H	H
2633	G	G
2634	G	D
2635	G	G
2636	H	H
2637	G	G
2638	H	H
2639	G	G
2640	A	A
2641	B	B
2642	F	F
2643	A	A
2644	F	F
2645	B	B
2646	C	C
2647	G	G
2648	H	H
2649	G	G
2650	G	H
2651	H	H
2652	H	A
2653	H	H
2654	G	G
2655	G	G
2656	G	G
2657	A	A
2658	B	B
2659	B	B
2660	B	B
2661	C	C
2662	G	G
2663	H	H
2664	H	H
2665	G	F
2666	G	G
2667	G	G
2668	G	G
2669	H	H
2670	H	H
2671	B	B
2672	H	H
2673	G	G
2674	G	G
2675	H	H
2676	G	G
2677	G	G
2678	F	F
2679	B	B
2680	B	B
2681	A	C
2682	C	C
2683	A	C
2684	B	B
2685	G	G
2686	G	G
2687	G	G
2688	G	G
2689	H	H
2690	G	G
2691	G	B
2692	A	A
2693	E	E
2694	D	D
2695	B	B
2696	G	G
2697	B	B
2698	B	B
2699	A	A
2700	H	A
2701	A	A
2702	F	F
2703	H	G
2704	H	H
2705	H	D
2706	H	H
2707	H	H
2708	H	D
2709	H	H
2710	H	A
2711	G	G
2712	H	H
2713	A	A
2714	F	F
2715	H	H
2716	A	F
2717	A	A
2718	B	B
2719	A	A
2720	C	C
2721	H	H
2722	H	H
2723	G	G
2724	B	B
2725	G	G
2726	G	G
2727	G	G
2728	H	H
2729	G	G
2730	G	G
2731	H	H
2732	G	G
2733	A	A
2734	G	G
2735	A	F
2736	E	E
2737	A	D
2738	H	H
2739	A	A
2740	A	E
2741	A	A
2742	C	C
2743	H	H
2744	G	D
2745	H	B
2746	H	H
2747	G	E
2748	B	B
2749	E	E
2750	B	F
2751	B	C
2752	B	B
2753	B	B
2754	G	G
2755	H	H
2756	H	H
2757	C	C
2758	B	B
2759	G	G
2760	H	H
2761	H	B
2762	G	G
2763	G	G
2764	G	G
2765	H	H
2766	G	C
2767	H	F
2768	G	G
2769	G	G
2770	H	H
2771	B	B
2772	F	F
2773	E	E
2774	H	H
2775	A	A
2776	C	C
2777	C	C
2778	H	H
2779	G	G
2780	H	H
2781	H	H
2782	H	H
2783	G	G
2784	B	B
2785	B	B
2786	H	H
2787	H	H
2788	A	A
2789	C	C
2790	G	C
2791	H	H
2792	G	G
2793	C	A
2794	H	H
2795	G	G
2796	G	B
2797	G	G
2798	G	G
2799	B	B
2800	G	G
2801	G	G
2802	B	B
2803	E	E
2804	C	C
2805	G	G
2806	H	H
2807	G	G
2808	A	A
2809	H	H
2810	G	G
2811	A	A
2812	E	E
2813	E	E
2814	B	B
2815	C	C
2816	G	G
2817	H	H
2818	H	H
2819	G	G
2820	G	G
2821	G	G
2822	H	H
2823	G	G
2824	H	H
2825	G	G
2826	A	A
2827	B	F
2828	A	A
2829	H	H
2830	H	H
2831	H	H
2832	H	H
2833	H	H
2834	G	G
2835	G	G
2836	G	G
2837	A	A
2838	H	H
2839	H	H
2840	G	G
2841	G	G
2842	H	H
2843	H	H
2844	H	H
2845	A	A
2846	G	G
2847	G	B
2848	G	G
2849	A	A
2850	D	D
2851	C	C
2852	C	C
2853	C	F
2854	H	H
2855	G	G
2856	H	H
2857	G	G
2858	F	C
2859	E	E
2860	H	H
2861	H	H
2862	H	F
2863	H	H
2864	G	G
2865	H	H
2866	H	H
2867	H	H
2868	G	C
2869	B	B
2870	G	G
2871	G	G
2872	G	G
2873	G	G
2874	G	G
2875	B	B
2876	B	B
2877	B	G
2878	F	F
2879	H	H
2880	A	A
2881	H	H
2882	H	H
2883	G	G
2884	G	G
2885	G	E
2886	E	E
2887	H	H
2888	G	G
2889	H	H
2890	G	G
2891	G	G
2892	G	E
2893	G	G
2894	H	H
2895	B	B
2896	B	B
2897	A	A
2898	H	H
2899	C	C
2900	H	H
2901	H	H
2902	H	E
2903	G	G
2904	H	H
2905	G	G
2906	H	H
2907	H	H
2908	C	C
2909	F	F
2910	B	B
2911	A	A
2912	B	B
2913	E	B
2914	B	B
2915	C	C
2916	C	C
2917	C	C
2918	H	H
2919	H	H
2920	G	G
2921	G	E
2922	H	H
2923	H	H
2924	A	A
2925	G	G
2926	G	G
2927	G	G
2928	H	H
2929	B	B
2930	H	C
2931	B	B
2932	B	B
2933	H	H
2934	F	F
2935	A	A
2936	A	A
2937	H	G
2938	G	G
2939	H	H
2940	H	H
2941	G	G
2942	G	G
2943	G	G
2944	G	G
2945	H	C
2946	F	B
2947	A	H
2948	A	A
2949	F	F
2950	E	E
2951	B	B
2952	A	A
2953	C	C
2954	G	G
2955	G	G
2956	G	D
2957	C	C
2958	F	F
2959	H	H
2960	G	G
2961	G	G
2962	A	B
2963	B	B
2964	B	B
2965	A	A
2966	A	A
2967	G	G
2968	H	H
2969	G	G
2970	H	H
2971	H	H
2972	G	G
2973	G	G
2974	H	H
2975	A	A
2976	B	B
2977	E	E
2978	E	E
2979	G	G
2980	F	F
2981	B	E
2982	B	B
2983	G	G
2984	B	B
2985	H	H
2986	A	A
2987	H	H
2988	H	H
2989	B	B
2990	G	G
2991	G	G
2992	H	H
2993	G	G
2994	H	H
2995	A	A
2996	A	A
2997	E	E
2998	B	B
2999	A	A
3000	A	A
3001	B	B
3002	H	B
3003	H	H
3004	H	H
3005	G	G
3006	H	H
3007	G	G
3008	H	H
3009	G	G
3010	F	F
3011	A	A
3012	C	C
3013	C	C
3014	C	C
3015	H	H
3016	H	H
3017	H	H
3018	G	G
3019	G	G
3020	H	H
3021	G	G
3022	G	G
3023	G	G
3024	G	G
3025	G	G
3026	H	H
3027	H	H
3028	G	G
3029	G	G
3030	G	G
3031	G	G
3032	G	G
3033	B	F
3034	C	C
3035	H	H
3036	C	C
3037	C	C
3038	H	H
3039	H	H
3040	H	H
3041	H	H
3042	G	H
3043	H	H
3044	G	G
3045	G	G
3046	H	H
3047	G	G
3048	B	B
3049	A	A
3050	F	F
3051	E	E
3052	A	A
3053	E	G
3054	F	F
3055	B	B
3056	G	G
3057	B	B
3058	B	B
3059	C	C
3060	G	G
3061	G	G
3062	G	G
3063	H	H
3064	B	B
3065	F	F
3066	A	A
3067	B	B
3068	F	F
3069	H	H
3070	B	B
3071	H	H
3072	C	C
3073	G	G
3074	G	G
3075	H	H
3076	H	H
3077	H	H
3078	G	H
3079	G	G
3080	H	H
3081	G	G
3082	H	H
3083	H	H
3084	G	G
3085	G	H
3086	G	G
3087	H	H
3088	G	G
3089	B	B
3090	H	H
3091	H	H
3092	C	C
3093	H	H
3094	H	H
3095	G	F
3096	G	G
3097	G	G
3098	G	G
3099	G	G
3100	H	H
3101	H	H
3102	H	H
3103	G	G
3104	G	G
3105	G	G
3106	A	A
3107	H	H
3108	A	A
3109	A	A
3110	G	G
3111	H	H
3112	C	C
3113	H	H
3114	G	F
3115	H	H
3116	H	D
3117	H	H
3118	H	H
3119	G	G
3120	G	H
3121	G	G
3122	H	H
3123	G	G
3124	B	B
3125	H	H
3126	B	B
3127	B	B
3128	H	H
3129	C	C
3130	G	G
3131	H	H
3132	H	H
3133	H	A
3134	H	H
3135	H	F
3136	H	H
3137	H	H
3138	H	H
3139	A	A
3140	H	D
3141	H	H
3142	G	D
3143	D	D
3144	B	B
3145	G	G
3146	A	A
3147	G	G
3148	F	F
3149	H	H
3150	A	A
3151	G	G
3152	H	H
3153	G	G
3154	G	G
3155	G	G
3156	H	H
3157	H	H
3158	G	G
3159	G	G
3160	G	G
3161	G	G
3162	G	G
3163	G	G
3164	G	G
3165	A	A
3166	G	E
3167	C	C
3168	H	H
3169	G	G
3170	H	H
3171	G	G
3172	G	G
3173	G	G
3174	B	B
3175	H	H
3176	C	C
3177	C	C
3178	H	G
3179	C	C
3180	C	D
3181	G	G
3182	H	H
3183	H	H
3184	H	H
3185	H	H
3186	H	H
3187	H	H
3188	H	H
3189	G	G
3190	G	D
3191	F	D
3192	G	G
3193	H	H
3194	H	H
3195	C	C
3196	H	H
3197	H	H
3198	H	H
3199	G	G
3200	G	G
3201	H	H
3202	G	G
3203	A	A
3204	G	G
3205	H	H
3206	A	A
3207	G	G
3208	G	G
3209	G	G
3210	E	H
3211	B	B
3212	B	B
3213	F	F
3214	E	E
3215	B	B
3216	F	F
3217	B	B
3218	A	A
3219	D	D
3220	G	G
3221	G	G
3222	H	F
3223	H	H
3224	H	H
3225	H	H
3226	G	G
3227	G	G
3228	G	G
3229	G	G
3230	G	G
3231	G	G
3232	F	F
3233	A	A
3234	B	B
3235	E	E
3236	B	B
3237	H	H
3238	C	C
3239	C	F
3240	H	H
3241	H	H
3242	H	H
3243	G	G
3244	A	A
3245	G	G
3246	H	H
3247	G	E
3248	B	B
3249	G	G
3250	H	H
3251	H	H
3252	H	H
3253	G	G
3254	G	G
3255	H	H
3256	G	G
3257	G	G
3258	H	F
3259	H	H
3260	H	H
3261	G	G
3262	G	G
3263	F	F
3264	B	B
3265	B	B
3266	H	H
3267	H	H
3268	H	H
3269	H	H
3270	H	H
3271	H	H
3272	G	G
3273	G	G
3274	G	G
3275	H	H
3276	G	G
3277	B	B
3278	B	B
3279	B	B
3280	H	A
3281	C	G
3282	C	C
3283	C	F
3284	H	H
3285	G	A
3286	G	G
3287	H	H
3288	H	H
3289	H	H
3290	G	G
3291	G	G
3292	G	G
3293	G	G
3294	H	H
3295	A	A
3296	A	A
3297	G	C
3298	B	H
3299	B	B
3300	A	A
3301	H	H
3302	H	H
3303	H	H
3304	H	H
3305	H	H
3306	A	A
3307	H	H
3308	H	H
3309	G	G
3310	G	G
3311	G	G
3312	G	G
3313	G	G
3314	C	C
3315	A	A
3316	G	G
3317	H	H
3318	H	H
3319	H	H
3320	G	G
3321	G	G
3322	G	G
3323	G	G
3324	H	H
3325	G	G
3326	H	H
3327	G	G
3328	G	G
3329	G	G
3330	G	G
3331	H	H
3332	G	E
3333	A	A
3334	A	A
3335	B	B
3336	H	H
3337	H	H
3338	H	H
3339	H	H
3340	H	H
3341	G	G
3342	G	G
3343	G	A
3344	G	G
3345	G	G
3346	G	G
3347	H	H
3348	H	G
3349	G	G
3350	G	G
3351	G	G
3352	C	C
3353	F	F
3354	A	A
3355	H	H
3356	C	C
3357	C	C
3358	C	C
3359	H	H
3360	H	B
3361	B	B
3362	G	G
3363	H	H
3364	G	G
3365	G	G
3366	G	H
3367	G	G
3368	G	G
3369	G	E
3370	D	D
3371	F	C
3372	G	G
3373	B	B
3374	B	B
3375	F	F
3376	F	F
3377	A	A
3378	A	A
3379	C	C
3380	H	H
3381	C	C
3382	C	C
3383	H	H
3384	H	H
3385	G	G
3386	A	A
3387	G	G
3388	H	H
3389	B	B
3390	G	G
3391	E	D
3392	G	G
3393	A	A
3394	F	F
3395	F	F
3396	F	F
3397	G	G
3398	C	C
3399	C	C
3400	H	H
3401	H	H
3402	H	H
3403	G	G
3404	G	G
3405	G	G
3406	G	G
3407	G	G
3408	H	H
3409	G	G
3410	H	H
3411	G	G
3412	G	F
3413	G	D
3414	G	G
3415	A	E
3416	A	A
3417	B	B
3418	H	H
3419	A	A
3420	C	C
3421	H	E
3422	G	G
3423	H	H
3424	H	H
3425	G	G
3426	G	G
3427	G	G
3428	H	H
3429	A	A
3430	G	G
3431	G	G
3432	G	G
3433	G	G
3434	G	G
3435	A	A
3436	E	E
3437	A	A
3438	H	H
3439	B	B
3440	B	B
3441	A	A
3442	C	C
3443	G	G
3444	B	B
3445	G	G
3446	G	G
3447	H	H
3448	G	G
3449	E	E
3450	B	B
3451	A	A
3452	C	C
3453	C	C
3454	C	C
3455	C	C
3456	H	G
3457	H	H
3458	G	G
3459	H	H
3460	H	H
3461	G	G
3462	G	G
3463	G	D
3464	B	B
3465	F	F
3466	B	B
3467	F	F
3468	C	C
3469	A	A
3470	H	H
3471	G	G
3472	G	G
3473	G	D
3474	H	H
3475	H	H
3476	G	G
3477	H	H
3478	G	G
3479	G	G
3480	B	B
3481	B	B
3482	A	A
3483	C	C
3484	G	G
3485	H	H
3486	H	H
3487	G	G
3488	G	G
3489	H	H
3490	H	H
3491	H	H
3492	G	G
3493	A	A
3494	G	G
3495	G	G
3496	B	B
3497	H	G
3498	G	G
3499	C	C
3500	C	C
3501	C	C
3502	C	C
3503	H	H
3504	G	G
3505	G	G
3506	G	G
3507	G	G
3508	G	G
3509	B	B
3510	F	F
3511	A	A
3512	C	B
3513	G	B
3514	H	H
3515	G	E
3516	H	H
3517	F	F
3518	A	A
3519	F	F
3520	A	A
3521	H	H
3522	C	C
3523	H	H
3524	H	H
3525	H	H
3526	G	G
3527	H	H
3528	G	G
3529	H	H
3530	G	G
3531	G	G
3532	G	G
3533	G	D
3534	H	C
3535	F	F
3536	F	F
3537	F	F
3538	H	H
3539	H	H
3540	H	H
3541	G	G
3542	H	H
3543	H	H
3544	G	G
3545	H	H
3546	A	A
3547	G	G
3548	G	B
3549	G	G
3550	E	B
3551	E	E
3552	B	B
3553	A	A
3554	A	A
3555	H	F
3556	A	A
3557	H	H
3558	G	G
3559	G	G
3560	G	G
3561	G	G
3562	G	G
3563	G	G
3564	E	E
3565	G	G
3566	H	F
3567	G	G
3568	F	F
3569	H	H
3570	B	B
3571	B	B
3572	H	H
3573	C	C
3574	H	H
3575	H	H
3576	A	A
3577	G	G
3578	H	H
3579	H	H
3580	G	G
3581	G	G
3582	G	G
3583	G	G
3584	G	G
3585	H	H
3586	G	G
3587	B	B
3588	G	G
3589	G	G
3590	G	E
3591	H	A
3592	G	G
3593	A	A
3594	D	D
3595	G	B
3596	D	D
3597	G	G
3598	H	H
3599	A	A
3600	H	H
3601	H	H
3602	A	A
3603	C	G
3604	G	G
3605	H	H
3606	B	B
3607	G	G
3608	G	G
3609	H	H
3610	G	G
3611	G	G
3612	H	D
3613	G	D
3614	F	F
3615	A	A
3616	G	G
3617	A	A
3618	G	G
3619	A	E
3620	A	A
3621	A	A
3622	C	C
3623	C	C
3624	C	C
3625	C	C
3626	H	H
3627	H	H
3628	H	H
3629	G	G
3630	H	H
3631	H	H
3632	G	G
3633	G	G
3634	H	H
3635	H	H
3636	A	G
3637	G	G
3638	G	G
3639	G	G
3640	B	B
3641	A	A
3642	B	B
3643	F	F
3644	C	C
3645	A	A
3646	C	C
3647	H	H
3648	H	H
3649	H	H
3650	G	H
3651	H	H
3652	G	C
3653	G	G
3654	G	G
3655	H	H
3656	H	H
3657	G	G
3658	G	G
3659	G	F
3660	G	G
3661	G	G
3662	G	G
3663	E	E
3664	F	F
3665	B	B
3666	B	E
3667	G	G
3668	H	H
3669	B	B
3670	B	B
3671	H	B
3672	H	H
3673	H	H
3674	H	H
3675	H	H
3676	H	H
3677	A	A
3678	G	G
3679	B	B
3680	B	B
3681	H	H
3682	G	G
3683	B	B
3684	G	G
3685	E	E
3686	G	G
3687	G	G
3688	H	H
3689	H	H
3690	H	H
3691	G	B
3692	G	G
3693	H	H
3694	G	G
3695	G	A
3696	G	G
3697	H	H
3698	G	G
3699	G	G
3700	H	H
3701	G	G
3702	H	H
3703	H	H
3704	H	H
3705	G	G
3706	G	G
3707	G	G
3708	G	G
3709	H	H
3710	H	H
3711	H	H
3712	H	H
3713	H	H
3714	A	A
3715	H	H
3716	G	G
3717	H	H
3718	G	B
3719	E	E
3720	E	E
3721	B	B
3722	B	B
3723	B	B
3724	A	A
3725	A	A
3726	C	C
3727	C	C
3728	A	A
3729	A	F
3730	G	G
3731	H	H
3732	H	H
3733	H	H
3734	H	H
3735	G	G
3736	H	H
3737	G	G
3738	H	H
3739	H	H
3740	G	G
3741	G	G
3742	H	H
3743	G	G
3744	G	G
3745	G	G
3746	B	B
3747	B	B
3748	B	B
3749	G	G
3750	H	C
3751	C	A
3752	A	A
3753	C	C
3754	H	H
3755	H	H
3756	H	H
3757	H	E
3758	H	H
3759	H	H
3760	H	H
3761	H	H
3762	A	A
3763	G	G
3764	G	G
3765	G	G
3766	G	G
3767	G	G
3768	G	G
3769	F	E
3770	F	F
3771	C	C
3772	B	B
3773	B	B
3774	H	H
3775	H	H
3776	A	A
3777	A	A
3778	B	G
3779	H	H
3780	C	B
3781	H	B
3782	H	H
3783	G	G
3784	G	G
3785	H	H
3786	G	G
3787	G	G
3788	G	F
3789	A	A
3790	F	F
3791	B	B
3792	A	A
3793	H	H
3794	A	A
3795	C	B
3796	H	H
3797	C	C
3798	C	C
3799	A	A
3800	H	H
3801	G	A
3802	H	H
3803	G	H
3804	G	G
3805	G	G
3806	H	D
3807	H	H
3808	G	G
3809	G	G
3810	G	G
3811	B	D
3812	G	G
3813	F	F
3814	A	A
3815	C	C
3816	A	A
3817	H	H
3818	A	A
3819	C	C
3820	C	C
3821	G	G
3822	H	H
3823	H	H
3824	H	H
3825	H	H
3826	G	C
3827	H	H
3828	H	H
3829	G	G
3830	H	H
3831	G	G
3832	H	H
3833	H	G
3834	B	B
3835	B	B
3836	A	A
3837	C	C
3838	H	H
3839	H	H
3840	H	H
3841	G	B
3842	G	G
3843	G	G
3844	G	F
3845	G	E
3846	G	G
3847	G	G
3848	C	C
3849	D	D
3850	B	B
3851	A	A
3852	A	A
3853	H	H
3854	H	H
3855	H	H
3856	H	H
3857	H	H
3858	G	G
3859	G	F
3860	G	G
3861	A	A
3862	B	D
3863	B	D
3864	B	B
3865	H	H
3866	A	A
3867	C	C
3868	C	C
3869	C	C
3870	G	G
3871	G	G
3872	H	H
3873	H	H
3874	H	H
3875	G	G
3876	H	H
3877	H	H
3878	G	G
3879	H	H
3880	G	G
3881	B	B
3882	B	B
3883	E	E
3884	C	C
3885	C	C
3886	H	H
3887	H	H
3888	B	B
3889	G	G
3890	H	H
3891	G	G
3892	H	H
3893	E	E
3894	H	H
3895	G	G
3896	E	E
3897	E	E
3898	B	B
3899	F	F
3900	B	D
3901	A	A
3902	A	A
3903	A	A
3904	B	B
3905	G	G
3906	C	C
3907	H	G
3908	G	G
3909	G	G
3910	G	G
3911	G	G
3912	G	B
3913	G	G
3914	G	G
3915	H	H
3916	H	H
3917	H	H
3918	H	H
3919	H	H
3920	G	G
3921	H	H
3922	G	H
3923	G	G
3924	G	G
3925	B	B
3926	F	F
3927	F	F
3928	A	A
3929	E	E
3930	B	B
3931	E	E
3932	G	G
3933	F	F
3934	H	A
3935	H	H
3936	C	C
3937	G	G
3938	H	H
3939	H	A
3940	G	G
3941	H	H
3942	H	H
3943	H	H
3944	H	H
3945	H	H
3946	H	H
3947	H	H
3948	G	G
3949	G	G
3950	B	B
3951	G	G
3952	G	G
3953	G	G
3954	H	H
3955	G	H
3956	H	H
3957	H	H
3958	B	B
3959	A	E
3960	G	G
3961	B	B
3962	B	B
3963	H	H
3964	A	A
3965	A	A
3966	C	C
3967	H	H
3968	C	C
3969	G	G
3970	G	G
3971	G	G
3972	G	G
3973	G	G
3974	G	G
3975	H	H
3976	H	H
3977	G	G
3978	G	B
3979	G	G
3980	B	B
3981	F	F
3982	F	F
3983	B	B
3984	H	H
3985	C	C
3986	H	H
3987	H	H
3988	H	H
3989	H	A
3990	G	D
3991	G	G
3992	G	G
3993	G	G
3994	G	G
3995	G	H
3996	A	A
3997	A	A
3998	A	F
3999	C	C
4000	B	B
4001	A	A
4002	B	A
4003	G	C
4004	A	A
4005	A	A
4006	A	A
4007	D	E
4008	A	A
4009	C	C
4010	H	F
4011	H	B
4012	G	G
4013	H	H
4014	H	H
4015	H	G
4016	G	G
4017	G	G
4018	B	F
4019	G	G
4020	H	H
4021	F	F
4022	H	H
4023	G	G
4024	H	H
4025	G	G
4026	H	H
4027	G	G
4028	G	G
4029	B	B
4030	B	B
4031	A	A
4032	A	A
4033	C	H
4034	H	H
4035	H	H
4036	C	C
4037	G	G
4038	G	G
4039	H	H
4040	H	H
4041	H	H
4042	G	G
4043	H	H
4044	G	G
4045	G	G
4046	G	F
4047	G	G
4048	G	G
4049	H	H
4050	G	G
4051	H	H
4052	H	H
4053	H	H
4054	H	H
4055	H	H
4056	G	G
4057	A	C
4058	G	G
4059	G	G
4060	G	G
4061	G	G
4062	G	G
4063	H	H
4064	G	G
4065	G	D
4066	H	H
4067	H	H
4068	E	C
4069	B	B
4070	B	B
4071	B	B
4072	F	F
4073	A	A
4074	G	G
4075	H	H
4076	G	E
4077	H	H
4078	H	C
4079	G	G
4080	G	G
4081	H	H
4082	H	H
4083	H	H
4084	H	H
4085	G	C
4086	B	B
4087	G	G
4088	G	G
4089	H	H
4090	G	G
4091	H	H
4092	A	A
4093	D	D
4094	E	E
4095	B	B
4096	G	G
4097	A	A
4098	A	A
4099	G	G
4100	H	H
4101	C	C
4102	A	A
4103	H	H
4104	H	H
4105	C	C
4106	C	C
4107	C	C
4108	A	A
4109	G	G
4110	A	A
4111	H	H
4112	H	H
4113	G	G
4114	H	H
4115	H	H
4116	H	H
4117	G	G
4118	G	G
4119	H	H
4120	G	G
4121	G	G
4122	G	G
4123	H	H
4124	G	G
4125	A	A
4126	A	A
4127	B	B
4128	A	A
4129	C	C
4130	H	H
4131	C	C
4132	C	C
4133	H	H
4134	G	G
4135	G	G
4136	H	H
4137	G	G
4138	G	G
4139	G	G
4140	G	G
4141	H	H
4142	H	H
4143	H	H
4144	G	G
4145	B	B
4146	G	G
4147	H	H
4148	G	G
4149	A	A
4150	B	B
4151	G	H
4152	G	G
4153	A	A
4154	A	A
4155	A	A
4156	C	C
4157	C	C
4158	C	C
4159	H	H
4160	G	G
4161	H	H
4162	G	G
4163	G	G
4164	A	A
4165	G	G
4166	G	G
4167	H	H
4168	A	A
4169	B	B
4170	B	G
4171	B	B
4172	B	B
4173	G	G
4174	F	F
4175	A	A
4176	H	H
4177	G	G
4178	G	G
4179	C	C
4180	H	H
4181	C	C
4182	G	G
4183	G	G
4184	G	G
4185	G	G
4186	G	G
4187	G	G
4188	H	H
4189	H	H
4190	H	H
4191	G	G
4192	G	G
4193	G	G
4194	B	B
4195	A	A
4196	B	B
4197	G	G
4198	A	A
4199	A	A
4200	A	A
4201	C	C
4202	C	C
4203	G	G
4204	H	G
4205	H	H
4206	H	H
4207	H	H
4208	G	C
4209	G	G
4210	G	G
4211	H	H
4212	F	F
4213	A	A
4214	F	F
4215	G	G
4216	H	H
4217	A	A
4218	A	A
4219	E	E
4220	H	H
4221	C	C
4222	H	H
4223	H	H
4224	H	H
4225	H	D
4226	H	H
4227	G	G
4228	H	E
4229	H	H
4230	G	G
4231	H	H
4232	H	H
4233	H	H
4234	H	H
4235	G	G
4236	G	G
4237	H	H
4238	G	G
4239	H	E
4240	F	F
4241	A	A
4242	A	C
4243	B	B
4244	B	B
4245	B	B
4246	A	A
4247	A	H
4248	B	B
4249	A	A
4250	A	A
4251	B	B
4252	A	A
4253	H	H
4254	H	H
4255	H	H
4256	C	C
4257	H	H
4258	G	G
4259	G	G
4260	G	G
4261	G	G
4262	H	H
4263	G	G
4264	H	H
4265	G	G
4266	A	A
4267	B	B
4268	G	G
4269	E	E
4270	B	B
4271	B	B
4272	G	G
4273	A	A
4274	B	B
4275	G	G
4276	G	G
4277	H	H
4278	A	A
4279	H	H
4280	G	G
4281	H	H
4282	A	A
4283	H	H
4284	H	B
4285	H	H
4286	G	G
4287	G	C
4288	G	G
4289	H	H
4290	H	H
4291	G	G
4292	G	G
4293	G	G
4294	H	E
4295	H	H
4296	H	H
4297	H	H
4298	H	H
4299	H	H
4300	G	D
4301	G	G
4302	G	G
4303	G	G
4304	B	B
4305	G	G
4306	G	F
4307	G	G
4308	G	D
4309	G	G
4310	G	D
4311	F	F
4312	F	F
4313	F	G
4314	E	E
4315	A	A
4316	B	B
4317	G	G
4318	C	C
4319	C	C
4320	H	H
4321	H	H
4322	H	H
4323	H	H
4324	H	H
4325	G	G
4326	G	G
4327	G	G
4328	H	H
4329	H	H
4330	G	G
4331	G	G
4332	G	G
4333	G	G
4334	G	G
4335	G	G
4336	E	E
4337	A	A
4338	H	H
4339	A	A
4340	B	B
4341	B	B
4342	B	B
4343	B	B
4344	F	F
4345	A	A
4346	B	B
4347	H	H
4348	A	A
4349	C	B
4350	G	G
4351	H	H
4352	G	G
4353	G	G
4354	H	H
4355	H	G
4356	G	G
4357	G	G
4358	G	G
4359	G	G
4360	H	H
4361	A	D
4362	H	A
4363	G	G
4364	B	A
4365	H	H
4366	H	H
4367	G	G
4368	H	H
4369	G	A
4370	G	G
4371	C	C
4372	B	B
4373	C	A
4374	B	B
4375	B	B
4376	A	A
4377	A	A
4378	A	A
4379	A	A
4380	C	H
4381	H	H
4382	H	H
4383	H	H
4384	D	D
4385	G	G
4386	G	G
4387	H	B
4388	H	H
4389	H	H
4390	G	G
4391	G	G
4392	G	G
4393	H	H
4394	H	H
4395	H	H
4396	G	G
4397	H	H
4398	H	H
4399	G	G
4400	H	H
4401	G	G
4402	G	G
4403	G	G
4404	F	B
4405	E	E
4406	B	B
4407	B	B
4408	G	G
4409	A	A
4410	A	D
4411	A	A
4412	H	H
4413	G	G
4414	A	A
4415	H	H
4416	H	H
4417	G	G
4418	G	G
4419	G	A
4420	H	H
4421	H	H
4422	H	H
4423	G	G
4424	G	G
4425	G	G
4426	B	B
4427	E	E
4428	F	F
4429	B	B
4430	B	B
4431	H	A
4432	A	A
4433	A	H
4434	H	H
4435	C	C
4436	G	G
4437	G	G
4438	H	H
4439	H	H
4440	G	G
4441	G	G
4442	G	G
4443	G	G
4444	G	E
4445	G	G
4446	G	G
4447	G	F
4448	G	G
4449	G	G
4450	F	F
4451	B	B
4452	H	H
4453	H	H
4454	H	H
4455	H	H
4456	H	H
4457	G	G
4458	G	G
4459	H	H
4460	H	H
4461	H	H
4462	H	H
4463	H	H
4464	H	H
4465	A	A
4466	G	G
4467	A	A
4468	E	E
4469	A	A
4470	B	B
4471	A	A
4472	G	G
4473	H	H
4474	C	C
4475	A	A
4476	H	H
4477	A	A
4478	C	C
4479	H	H
4480	H	E
4481	H	H
4482	H	H
4483	H	H
4484	H	H
4485	H	H
4486	G	G
4487	H	H
4488	G	G
4489	H	H
4490	H	H
4491	G	G
4492	H	H
4493	H	H
4494	G	G
4495	H	H
4496	G	G
4497	G	G
4498	H	H
4499	G	G
4500	D	D
4501	G	G
4502	B	B
4503	B	B
4504	A	A
4505	A	A
4506	C	C
4507	G	G
4508	G	G
4509	H	H
4510	H	H
4511	G	G
4512	G	D
4513	H	H
4514	H	H
4515	H	D
4516	G	G
4517	H	H
4518	H	H
4519	H	H
4520	G	G
4521	G	E
4522	H	H
4523	G	G
4524	G	G
4525	H	H
4526	F	C
4527	G	G
4528	G	G
4529	B	B
4530	F	F
4531	A	A
4532	G	G
4533	H	H
4534	H	H
4535	G	C
4536	G	G
4537	G	G
4538	H	H
4539	G	F
4540	G	G
4541	H	H
4542	H	H
4543	G	G
4544	G	G
4545	G	G
4546	B	B
4547	E	E
4548	A	A
4549	B	B
4550	B	B
4551	G	E
4552	G	G
4553	A	A
4554	F	F
4555	A	A
4556	C	C
4557	C	C
4558	G	G
4559	G	G
4560	G	G
4561	C	C
4562	C	G
4563	G	G
4564	G	G
4565	H	H
4566	H	H
4567	G	G
4568	G	G
4569	G	G
4570	G	G
4571	H	H
4572	H	H
4573	H	H
4574	G	G
4575	G	H
4576	A	A
4577	G	G
4578	G	G
4579	G	G
4580	G	G
4581	G	G
4582	F	F
4583	F	F
4584	G	G
4585	H	H
4586	A	A
4587	A	A
4588	C	C
4589	A	A
4590	C	C
4591	A	A
4592	A	A
4593	A	A
4594	C	C
4595	G	G
4596	H	H
4597	G	G
4598	B	B
4599	H	H
4600	H	B
4601	H	H
4602	B	B
4603	G	A
4604	G	H
4605	G	G
4606	G	G
4607	H	H
4608	G	G
4609	H	H
4610	A	H
4611	F	F
4612	H	H
4613	A	A
4614	H	H
4615	H	F
4616	H	H
4617	H	H
4618	G	G
4619	G	G
4620	G	G
4621	G	G
4622	H	H
4623	H	D
4624	H	H
4625	H	H
4626	H	H
4627	G	G
4628	G	G
4629	G	G
4630	F	F
4631	B	E
4632	B	B
4633	F	F
4634	B	B
4635	C	C
4636	H	H
4637	H	H
4638	C	C
4639	C	C
4640	C	C
4641	H	H
4642	H	H
4643	H	H
4644	G	G
4645	G	G
4646	G	G
4647	H	H
4648	H	H
4649	H	H
4650	H	H
4651	G	G
4652	H	H
4653	H	H
4654	H	H
4655	G	G
4656	F	F
4657	E	E
4658	G	G
4659	G	G
4660	A	D
4661	A	A
4662	A	A
4663	B	B
4664	C	C
4665	H	H
4666	G	G
4667	G	G
4668	G	G
4669	H	H
4670	H	B
4671	G	G
4672	G	G
4673	G	G
4674	G	G
4675	H	H
4676	G	G
4677	G	G
4678	B	B
4679	B	B
4680	A	A
4681	C	C
4682	C	C
4683	C	C
4684	H	H
4685	G	G
4686	G	G
4687	H	H
4688	H	H
4689	H	H
4690	H	H
4691	H	H
4692	H	H
4693	G	G
4694	H	H
4695	H	H
4696	H	H
4697	G	G
4698	G	G
4699	A	A
4700	B	B
4701	H	H
4702	A	A
4703	C	C
4704	C	C
4705	C	C
4706	G	G
4707	H	F
4708	H	H
4709	H	H
4710	H	H
4711	H	E
4712	G	G
4713	G	G
4714	G	G
4715	G	G
4716	G	G
4717	G	G
4718	G	G
4719	A	A
4720	F	F
4721	A	C
4722	G	G
4723	H	H
4724	B	B
4725	G	G
4726	A	A
4727	A	A
4728	A	A
4729	C	B
4730	G	G
4731	H	H
4732	H	H
4733	H	H
4734	H	H
4735	G	F
4736	G	G
4737	G	G
4738	G	G
4739	H	C
4740	H	H
4741	H	H
4742	G	G
4743	G	G
4744	H	H
4745	G	G
4746	B	B
4747	A	A
4748	A	A
4749	C	C
4750	C	C
4751	G	G
4752	G	G
4753	G	G
4754	H	H
4755	G	G
4756	A	A
4757	G	F
4758	H	G
4759	H	H
4760	H	H
4761	F	F
4762	C	B
4763	C	C
4764	C	C
4765	C	G
4766	H	H
4767	A	A
4768	H	H
4769	G	G
4770	H	H
4771	H	H
4772	H	E
4773	H	H
4774	G	G
4775	C	C
4776	G	G
4777	G	E
4778	B	B
4779	B	B
4780	H	H
4781	A	A
4782	C	C
4783	G	G
4784	G	G
4785	H	H
4786	G	C
4787	G	G
4788	G	G
4789	H	H
4790	G	G
4791	H	H
4792	H	H
4793	G	G
4794	G	G
4795	G	G
4796	H	H
4797	H	H
4798	B	B
4799	A	A
4800	B	B
4801	G	G
4802	B	B
4803	A	A
4804	C	C
4805	H	H
4806	C	C
4807	H	F
4808	H	H
4809	G	G
4810	H	H
4811	G	G
4812	H	H
4813	G	G
4814	G	G
4815	G	G
4816	G	G
4817	G	G
4818	G	G
4819	H	H
4820	H	H
4821	G	G
4822	G	G
4823	A	A
4824	A	A
4825	B	B
4826	B	B
4827	G	G
4828	G	D
4829	B	B
4830	H	H
4831	C	C
4832	C	D
4833	G	B
4834	H	H
4835	G	G
4836	G	G
4837	H	H
4838	G	G
4839	H	H
4840	H	H
4841	G	G
4842	G	G
4843	G	G
4844	G	G
4845	G	G
4846	G	G
4847	B	G
4848	A	A
4849	G	G
4850	F	F
4851	A	A
4852	D	D
4853	C	C
4854	H	H
4855	H	H
4856	A	A
4857	C	C
4858	C	C
4859	G	G
4860	H	G
4861	H	H
4862	H	H
4863	H	A
4864	H	H
4865	G	G
4866	G	G
4867	H	H
4868	G	G
4869	G	G
4870	G	H
4871	G	G
4872	H	H
4873	H	H
4874	G	A
4875	G	G
4876	G	G
4877	H	H
4878	G	G
4879	G	G
4880	B	B
4881	H	H
4882	F	E
4883	F	F
4884	H	H
4885	A	E
4886	C	C
4887	C	C
4888	H	H
4889	G	G
4890	G	B
4891	H	H
4892	H	H
4893	H	C
4894	H	C
4895	H	H
4896	G	H
4897	H	H
4898	A	A
4899	A	A
4900	G	G
4901	G	G
4902	G	G
4903	H	H
4904	H	H
4905	G	G
4906	B	B
4907	A	A
4908	B	B
4909	B	B
4910	A	A
4911	G	G
4912	H	H
4913	A	A
4914	A	A
4915	A	A
4916	H	H
4917	H	H
4918	G	G
4919	G	B
4920	G	G
4921	H	H
4922	G	B
4923	H	F
4924	G	G
4925	H	H
4926	H	H
4927	G	G
4928	H	H
4929	H	H
4930	G	G
4931	G	G
4932	E	A
4933	F	F
4934	A	A
4935	G	G
4936	F	F
4937	G	G
4938	H	H
4939	H	H
4940	C	C
4941	C	C
4942	G	G
4943	G	G
4944	H	H
4945	H	H
4946	H	H
4947	H	H
4948	H	H
4949	G	G
4950	G	G
4951	H	E
4952	H	H
4953	B	B
4954	G	G
4955	G	G
4956	G	G
4957	G	G
4958	H	H
4959	A	A
4960	A	A
4961	B	B
4962	E	E
4963	B	E
4964	F	F
4965	A	A
4966	C	D
4967	A	A
4968	C	C
4969	H	H
4970	G	G
4971	G	G
4972	G	G
4973	H	F
4974	H	H
4975	H	H
4976	G	G
4977	G	G
4978	G	G
4979	B	B
4980	B	B
4981	B	C
4982	B	B
4983	F	F
4984	B	B
4985	A	A
4986	A	A
4987	H	H
4988	A	A
4989	B	B
4990	H	H
4991	G	G
4992	G	G
4993	H	H
4994	H	H
4995	G	G
4996	G	G
4997	H	H
4998	A	A
4999	A	A
5000	G	A
5001	G	G
5002	G	G
5003	G	F
5004	B	B
5005	F	F
5006	B	B
5007	B	B
5008	G	G
5009	F	F
5010	A	A
5011	H	H
5012	C	C
5013	H	H
5014	G	G
5015	H	H
5016	G	G
5017	G	G
5018	G	G
5019	G	C
5020	G	G
5021	H	F
5022	H	H
5023	H	H
5024	A	A
5025	G	G
5026	H	H
5027	H	H
5028	H	G
5029	B	B
5030	F	F
5031	E	E
5032	E	E
5033	H	H
5034	G	G
5035	E	E
5036	G	G
5037	H	H
5038	H	F
5039	A	A
5040	C	H
5041	H	H
5042	G	G
5043	G	G
5044	G	G
5045	G	G
5046	H	H
5047	H	H
5048	G	G
5049	H	H
5050	G	G
5051	G	G
5052	G	H
5053	G	G
5054	G	G
5055	G	G
5056	G	G
5057	H	H
5058	E	E
5059	A	A
5060	D	F
5061	F	F
5062	G	G
5063	A	A
5064	A	A
5065	C	C
5066	C	C
5067	C	C
5068	C	C
5069	C	C
5070	C	C
5071	C	C
5072	C	C
5073	G	G
5074	H	H
5075	H	H
5076	H	H
5077	H	A
5078	H	H
5079	H	H
5080	E	E
5081	B	B
5082	A	A
5083	F	F
5084	A	A
5085	H	H
5086	H	E
5087	G	G
5088	G	G
5089	G	G
5090	H	H
5091	H	H
5092	H	H
5093	H	H
5094	G	G
5095	G	G
5096	H	H
5097	H	H
5098	H	H
5099	G	G
5100	G	G
5101	G	G
5102	G	G
5103	B	B
5104	B	B
5105	F	F
5106	H	D
5107	A	A
5108	A	A
5109	B	B
5110	G	G
5111	A	A
5112	C	C
5113	A	A
5114	H	H
5115	H	H
5116	G	G
5117	H	H
5118	H	H
5119	H	H
5120	G	D
5121	G	G
5122	G	G
5123	G	G
5124	G	G
5125	G	G
5126	G	A
5127	H	H
5128	G	G
5129	H	H
5130	B	E
5131	B	B
5132	A	A
5133	D	D
5134	A	A
5135	A	A
5136	H	G
5137	C	C
5138	C	C
5139	H	H
5140	G	G
5141	G	G
5142	G	G
5143	G	G
5144	H	H
5145	H	H
5146	H	H
5147	G	G
5148	G	G
5149	G	G
5150	H	H
5151	G	G
5152	G	G
5153	G	G
5154	E	E
5155	A	A
5156	A	C
5157	B	B
5158	H	H
5159	B	G
5160	A	A
5161	H	H
5162	A	A
5163	H	H
5164	H	H
5165	H	H
5166	H	F
5167	H	H
5168	B	B
5169	F	F
5170	G	G
5171	G	G
5172	H	H
5173	H	H
5174	H	H
5175	H	H
5176	G	G
5177	H	B
5178	H	H
5179	A	A
5180	F	F
5181	E	E
5182	C	A
5183	G	G
5184	F	F
5185	B	E
5186	H	H
5187	A	A
5188	A	A
5189	A	A
5190	H	H
5191	H	H
5192	A	A
5193	C	C
5194	C	C
5195	H	H
5196	H	H
5197	B	B
5198	H	H
5199	G	G
5200	H	H
5201	H	H
5202	G	G
5203	H	H
5204	A	A
5205	G	G
5206	G	G
5207	H	H
5208	G	G
5209	C	C
5210	H	H
5211	H	H
5212	G	G
5213	H	H
5214	H	H
5215	G	G
5216	H	H
5217	G	G
5218	H	H
5219	H	H
5220	G	F
5221	G	G
5222	H	H
5223	E	E
5224	F	E
5225	A	A
5226	F	F
5227	B	D
5228	B	B
5229	G	G
5230	A	A
5231	G	G
5232	H	H
5233	H	H
5234	H	H
5235	G	G
5236	H	H
5237	G	G
5238	G	G
5239	H	H
5240	G	G
5241	H	H
5242	H	H
5243	G	G
5244	G	G
5245	H	H
5246	H	H
5247	H	H
5248	H	H
5249	A	A
5250	G	G
5251	G	G
5252	G	G
5253	G	G
5254	B	B
5255	B	B
5256	B	B
5257	A	A
5258	C	C
5259	G	G
5260	H	H
5261	G	G
5262	G	G
5263	G	G
5264	H	H
5265	H	H
5266	H	H
5267	H	H
5268	H	H
5269	H	H
5270	A	A
5271	G	G
5272	G	G
5273	G	G
5274	H	H
5275	H	H
5276	G	E
5277	G	G
5278	G	G
5279	E	D
5280	B	B
5281	B	F
5282	H	H
5283	C	C
5284	C	C
5285	H	H
5286	H	H
5287	H	H
5288	G	G
5289	G	G
5290	G	G
5291	G	G
5292	G	G
5293	H	H
5294	H	H
5295	H	H
5296	H	H
5297	G	G
5298	H	H
5299	G	G
5300	G	G
5301	H	H
5302	G	G
5303	G	G
5304	G	G
5305	F	F
5306	A	A
5307	A	A
5308	G	G
5309	B	B
5310	A	A
5311	C	C
5312	C	C
5313	H	H
5314	H	H
5315	H	H
5316	H	H
5317	H	H
5318	G	G
5319	G	G
5320	H	H
5321	H	H
5322	G	G
5323	H	H
5324	B	B
5325	G	G
5326	G	G
5327	H	H
5328	G	G
5329	A	F
5330	A	A
5331	B	B
5332	F	F
5333	B	B
5334	B	B
5335	F	F
5336	B	D
5337	C	C
5338	C	C
5339	G	G
5340	H	H
5341	G	G
5342	G	G
5343	G	G
5344	G	D
5345	H	H
5346	H	H
5347	A	D
5348	E	E
5349	G	G
5350	G	G
5351	B	B
5352	B	B
5353	B	B
5354	H	H
5355	B	B
5356	A	A
5357	A	A
5358	H	H
5359	H	H
5360	G	G
5361	H	H
5362	G	G
5363	G	G
5364	G	G
5365	G	G
5366	H	H
5367	G	G
5368	G	G
5369	G	G
5370	H	E
5371	A	A
5372	H	H
5373	G	G
5374	G	F
5375	G	G
5376	G	G
5377	G	G
5378	G	G
5379	G	G
5380	B	E
5381	A	A
5382	A	A
5383	H	H
5384	H	H
5385	C	C
5386	H	E
5387	H	H
5388	B	B
5389	H	H
5390	G	G
5391	G	G
5392	H	E
5393	G	D
5394	G	G
5395	H	H
5396	H	H
5397	H	B
5398	H	H
5399	G	G
5400	G	G
5401	G	G
5402	G	G
5403	H	H
5404	H	H
5405	G	G
5406	G	D
5407	G	G
5408	G	G
5409	H	H
5410	G	G
5411	A	A
5412	A	A
5413	A	D
5414	C	C
5415	C	C
5416	C	G
5417	H	H
5418	C	C
5419	H	H
5420	H	H
5421	G	G
5422	G	B
5423	G	G
5424	H	H
5425	H	H
5426	G	G
5427	G	G
5428	F	F
5429	A	A
5430	A	A
5431	B	B
5432	A	A
5433	A	A
5434	G	G
5435	H	H
5436	H	H
5437	H	H
5438	G	G
5439	G	G
5440	H	B
5441	H	H
5442	H	H
5443	H	H
5444	H	H
5445	G	G
5446	G	G
5447	G	G
5448	E	E
5449	F	E
5450	B	B
5451	G	G
5452	B	B
5453	B	B
5454	A	H
5455	G	G
5456	C	C
5457	C	C
5458	C	C
5459	G	G
5460	H	H
5461	G	G
5462	G	G
5463	G	G
5464	G	G
5465	H	H
5466	H	H
5467	H	H
5468	H	H
5469	H	H
5470	G	G
5471	G	G
5472	H	E
5473	H	H
5474	G	G
5475	G	G
5476	G	G
5477	H	H
5478	H	H
5479	A	A
5480	E	E
5481	E	E
5482	H	H
5483	B	B
5484	G	G
5485	A	A
5486	B	B
5487	H	H
5488	C	C
5489	H	H
5490	H	H
5491	G	G
5492	G	G
5493	G	G
5494	H	H
5495	H	H
5496	G	G
5497	G	G
5498	G	G
5499	A	A
5500	B	B
5501	B	B
5502	B	B
5503	A	A
5504	A	A
5505	H	H
5506	C	C
5507	H	H
5508	H	H
5509	H	H
5510	G	D
5511	G	G
5512	G	G
5513	G	G
5514	G	G
5515	H	H
5516	B	B
5517	H	H
5518	G	G
5519	A	A
5520	A	A
5521	C	C
5522	B	B
5523	H	D
5524	B	B
5525	C	C
5526	G	G
5527	C	C
5528	A	A
5529	B	B
5530	G	G
5531	G	G
5532	G	G
5533	H	H
5534	H	H
5535	H	H
5536	G	G
5537	G	G
5538	B	B
5539	G	G
5540	F	F
5541	B	B
5542	B	B
5543	B	B
5544	B	B
5545	F	F
5546	G	A
5547	G	G
5548	C	C
5549	H	H
5550	H	H
5551	C	C
5552	C	C
5553	H	H
5554	G	G
5555	H	H
5556	H	H
5557	H	H
5558	G	G
5559	G	E
5560	H	H
5561	H	H
5562	H	H
5563	G	G
5564	G	G
5565	H	H
5566	A	A
5567	C	C
5568	H	H
5569	C	C
5570	B	B
5571	H	H
5572	H	H
5573	H	H
5574	G	G
5575	H	H
5576	H	C
5577	H	H
5578	G	G
5579	A	A
5580	G	G
5581	A	A
5582	A	A
5583	A	A
5584	A	A
5585	C	C
5586	C	C
5587	A	A
5588	H	H
5589	H	H
5590	C	C
5591	H	H
5592	H	H
5593	H	H
5594	G	G
5595	H	H
5596	H	H
5597	F	F
5598	B	A
5599	E	E
5600	B	B
5601	A	A
5602	G	G
5603	A	A
5604	C	C
5605	A	A
5606	H	H
5607	H	H
5608	H	H
5609	H	H
5610	H	B
5611	H	H
5612	H	H
5613	G	G
5614	A	A
5615	G	D
5616	G	G
5617	H	H
5618	G	G
5619	G	G
5620	G	G
5621	H	H
5622	A	A
5623	G	G
5624	G	G
5625	G	G
5626	H	H
5627	G	G
5628	G	G
5629	G	G
5630	A	A
5631	F	F
5632	A	A
5633	H	H
5634	B	C
5635	A	A
5636	H	H
5637	H	H
5638	G	G
5639	H	H
5640	H	H
5641	H	H
5642	H	E
5643	H	H
5644	H	H
5645	H	H
5646	H	H
5647	G	G
5648	G	G
5649	H	F
5650	A	A
5651	B	B
5652	B	B
5653	F	F
5654	B	B
5655	B	B
5656	A	A
5657	G	G
5658	B	B
5659	A	A
5660	B	B
5661	C	C
5662	A	A
5663	C	C
5664	H	H
5665	H	H
5666	H	B
5667	G	G
5668	H	H
5669	H	H
5670	G	G
5671	A	A
5672	G	D
5673	D	D
5674	D	D
5675	B	B
5676	H	H
5677	A	A
5678	C	C
5679	A	A
5680	H	H
5681	C	C
5682	A	A
5683	C	C
5684	C	C
5685	H	H
5686	H	H
5687	H	B
5688	G	H
5689	H	H
5690	H	H
5691	H	H
5692	G	G
5693	G	G
5694	G	G
5695	H	H
5696	A	A
5697	G	G
5698	G	G
5699	H	H
5700	H	H
5701	H	H
5702	G	E
5703	G	G
5704	G	G
5705	H	H
5706	B	B
5707	B	B
5708	F	F
5709	B	B
5710	H	H
5711	A	A
5712	A	A
5713	C	C
5714	C	C
5715	H	H
5716	G	G
5717	G	G
5718	H	H
5719	H	H
5720	H	H
5721	H	H
5722	A	B
5723	G	G
5724	G	F
5725	H	H
5726	G	G
5727	F	F
5728	F	F
5729	B	B
5730	B	B
5731	B	B
5732	F	F
5733	F	C
5734	E	A
5735	A	A
5736	H	D
5737	H	H
5738	A	A
5739	H	H
5740	H	H
5741	H	H
5742	G	G
5743	H	H
5744	H	H
5745	H	H
5746	H	H
5747	H	H
5748	H	H
5749	A	A
5750	H	H
5751	G	G
5752	E	E
5753	B	B
5754	A	A
5755	G	G
5756	C	C
5757	C	C
5758	A	A
5759	C	C
5760	C	C
5761	H	H
5762	H	D
5763	H	E
5764	G	G
5765	H	H
5766	G	G
5767	G	G
5768	H	H
5769	H	H
5770	H	H
5771	H	H
5772	G	G
5773	G	G
5774	G	G
5775	G	G
5776	E	E
5777	A	A
5778	E	E
5779	B	B
5780	A	A
5781	A	A
5782	B	H
5783	H	H
5784	H	H
5785	G	G
5786	H	B
5787	H	H
5788	H	H
5789	G	G
5790	G	A
5791	H	H
5792	G	H
5793	F	F
5794	E	E
5795	E	E
5796	B	B
5797	A	A
5798	A	A
5799	B	B
5800	G	G
5801	H	F
5802	H	H
5803	H	H
5804	H	C
5805	H	H
5806	H	H
5807	H	H
5808	H	H
5809	G	G
5810	H	E
5811	G	G
5812	H	H
5813	G	G
5814	G	G
5815	A	A
5816	A	A
5817	F	F
5818	F	F
5819	B	B
5820	B	B
5821	H	H
5822	H	H
5823	G	G
5824	F	F
5825	A	A
5826	A	B
5827	A	A
5828	H	H
5829	C	C
5830	A	A
5831	A	A
5832	H	C
5833	H	H
5834	A	A
5835	H	H
5836	G	G
5837	G	G
5838	G	G
5839	H	H
5840	H	H
5841	G	G
5842	G	G
5843	G	G
5844	H	H
5845	G	G
5846	D	A
5847	E	E
5848	B	B
5849	G	G
5850	H	H
5851	H	H
5852	H	H
5853	H	H
5854	H	H
5855	G	C
5856	G	H
5857	G	G
5858	G	G
5859	G	G
5860	G	G
5861	H	H
5862	H	H
5863	H	H
5864	H	H
5865	H	H
5866	H	H
5867	H	H
5868	H	H
5869	A	A
5870	E	E
5871	A	A
5872	G	G
5873	C	C
5874	H	H
5875	H	H
5876	G	G
5877	G	G
5878	H	H
5879	H	H
5880	H	H
5881	H	H
5882	H	H
5883	G	H
5884	G	G
5885	G	G
5886	B	B
5887	B	B
5888	A	A
5889	B	A
5890	A	A
5891	H	H
5892	H	H
5893	C	C
5894	C	C
5895	G	E
5896	H	H
5897	G	G
5898	H	B
5899	G	G
5900	H	H
5901	G	G
5902	G	G
5903	G	G
5904	E	E
5905	E	E
5906	A	A
5907	F	H
5908	F	F
5909	G	G
5910	H	H
5911	A	A
5912	A	A
5913	A	A
5914	A	A
5915	B	B
5916	C	C
5917	H	H
5918	H	E
5919	C	C
5920	H	H
5921	G	G
5922	H	H
5923	G	G
5924	H	H
5925	G	G
5926	H	G
5927	G	G
5928	G	G
5929	H	A
5930	G	G
5931	G	G
5932	A	D
5933	F	F
5934	E	E
5935	H	H
5936	A	A
5937	C	H
5938	H	H
5939	B	B
5940	H	H
5941	H	A
5942	H	H
5943	G	G
5944	H	H
5945	G	G
5946	H	H
5947	H	H
5948	H	H
5949	H	D
5950	H	H
5951	B	B
5952	H	H
5953	G	G
5954	G	G
5955	G	G
5956	G	G
5957	B	B
5958	B	B
5959	F	F
5960	G	G
5961	H	H
5962	E	E
5963	F	F
5964	B	B
5965	G	G
5966	H	D
5967	H	H
5968	H	H
5969	G	G
5970	G	G
5971	H	H
5972	H	H
5973	G	G
5974	G	G
5975	H	H
5976	G	G
5977	F	F
5978	B	B
5979	A	G
5980	B	B
5981	C	C
5982	H	H
5983	C	C
5984	C	G
5985	A	A
5986	H	H
5987	G	G
5988	H	H
5989	G	G
5990	B	B
5991	H	H
5992	H	H
5993	G	G
5994	G	G
5995	G	G
5996	H	H
5997	G	G
5998	H	H
5999	G	G
6000	E	E
6001	A	A
6002	B	B
6003	A	A
6004	B	F
6005	B	B
6006	B	B
6007	C	C
6008	C	C
6009	H	H
6010	H	H
6011	C	C
6012	A	A
6013	H	H
6014	C	C
6015	H	H
6016	H	H
6017	H	H
6018	H	H
6019	G	G
6020	G	G
6021	G	A
6022	G	G
6023	H	H
6024	H	H
6025	G	G
6026	H	H
6027	H	H
6028	G	G
6029	H	H
6030	G	G
6031	G	G
6032	G	G
6033	F	F
6034	E	E
6035	B	B
6036	G	G
6037	G	B
6038	G	G
6039	H	H
6040	C	C
6041	G	G
6042	H	C
6043	G	G
6044	G	G
6045	H	H
6046	H	H
6047	G	G
6048	G	G
6049	H	H
6050	H	H
6051	H	H
6052	H	H
6053	G	G
6054	G	G
6055	G	G
6056	G	G
6057	A	E
6058	G	G
6059	G	G
6060	H	H
6061	A	A
6062	A	A
6063	H	H
6064	C	C
6065	C	C
6066	H	H
6067	H	H
6068	H	H
6069	G	G
6070	H	H
6071	H	H
6072	G	G
6073	G	G
6074	H	H
6075	H	H
6076	G	G
6077	H	H
6078	H	H
6079	G	G
6080	G	G
6081	H	C
6082	A	A
6083	B	C
6084	B	B
6085	B	B
6086	G	G
6087	A	A
6088	A	A
6089	A	A
6090	A	A
6091	A	A
6092	G	G
6093	H	H
6094	G	G
6095	G	G
6096	H	H
6097	H	H
6098	H	H
6099	H	H
6100	G	G
6101	A	A
6102	B	B
6103	G	G
6104	G	G
6105	G	G
6106	H	H
6107	G	B
6108	G	G
6109	H	H
6110	G	E
6111	F	F
6112	G	G
6113	A	A
6114	B	B
6115	A	A
6116	F	F
6117	B	B
6118	B	A
6119	B	B
6120	A	A
6121	B	F
6122	H	H
6123	C	C
6124	H	H
6125	A	A
6126	A	A
6127	H	H
6128	H	D
6129	B	B
6130	H	H
6131	H	H
6132	H	H
6133	G	E
6134	G	G
6135	G	E
6136	H	H
6137	H	H
6138	G	E
6139	G	G
6140	A	A
6141	F	F
6142	G	G
6143	B	B
6144	E	E
6145	A	A
6146	H	H
6147	A	A
6148	A	A
6149	A	A
6150	A	A
6151	B	B
6152	A	E
6153	H	H
6154	C	H
6155	C	C
6156	A	A
6157	G	G
6158	H	H
6159	H	H
6160	G	G
6161	G	G
6162	G	G
6163	G	G
6164	H	H
6165	G	G
6166	G	H
6167	H	H
6168	G	G
6169	G	D
6170	H	H
6171	G	G
6172	G	G
6173	H	H
6174	C	C
6175	B	B
6176	B	B
6177	G	G
6178	A	C
6179	C	B
6180	G	G
6181	H	H
6182	G	G
6183	G	G
6184	G	G
6185	G	G
6186	H	H
6187	H	H
6188	H	D
6189	H	H
6190	H	H
6191	H	H
6192	H	H
6193	A	A
6194	A	A
6195	A	A
6196	G	G
6197	B	B
6198	G	G
6199	G	H
6200	A	A
6201	B	H
6202	B	B
6203	F	F
6204	B	E
6205	F	F
6206	A	A
6207	A	A
6208	A	A
6209	D	D
6210	C	C
6211	C	C
6212	C	C
6213	B	B
6214	H	H
6215	G	G
6216	G	G
6217	G	G
6218	H	H
6219	G	D
6220	G	G
6221	G	G
6222	H	E
6223	H	H
6224	H	H
6225	H	H
6226	H	H
6227	G	G
6228	H	H
6229	G	E
6230	G	G
6231	B	B
6232	B	B
6233	B	B
6234	H	H
6235	H	H
6236	G	G
6237	A	A
6238	C	C
6239	C	C
6240	C	H
6241	H	H
6242	G	G
6243	G	G
6244	G	G
6245	H	H
6246	H	H
6247	H	H
6248	H	H
6249	G	G
6250	G	C
6251	H	H
6252	G	G
6253	H	H
6254	G	G
6255	G	G
6256	H	H
6257	A	F
6258	C	C
6259	A	A
6260	A	A
6261	F	F
6262	H	H
6263	H	H
6264	H	H
6265	G	G
6266	G	G
6267	H	H
6268	H	H
6269	H	H
6270	A	A
6271	H	H
6272	G	G
6273	G	G
6274	H	H
6275	G	G
6276	A	A
6277	F	F
6278	F	F
6279	A	A
6280	A	A
6281	B	B
6282	C	C
6283	C	C
6284	C	D
6285	C	C
6286	H	H
6287	H	H
6288	H	H
6289	H	H
6290	H	H
6291	H	H
6292	H	H
6293	H	H
6294	H	H
6295	H	H
6296	H	H
6297	H	H
6298	G	G
6299	B	B
6300	B	B
6301	G	G
6302	G	G
6303	A	A
6304	C	E
6305	C	C
6306	G	G
6307	H	H
6308	H	H
6309	B	B
6310	G	G
6311	G	G
6312	H	H
6313	H	H
6314	H	H
6315	H	D
6316	H	H
6317	H	H
6318	H	H
6319	G	G
6320	E	E
6321	G	G
6322	B	B
6323	B	B
6324	G	G
6325	F	F
6326	A	A
6327	A	E
6328	C	C
6329	C	C
6330	G	G
6331	G	G
6332	G	G
6333	H	H
6334	H	H
6335	H	H
6336	H	H
6337	H	H
6338	H	H
6339	H	H
6340	G	G
6341	G	D
6342	G	G
6343	E	E
6344	A	D
6345	B	E
6346	G	G
6347	A	A
6348	B	B
6349	D	D
6350	F	F
6351	F	F
6352	B	B
6353	B	B
6354	A	A
6355	C	C
6356	C	C
6357	A	A
6358	H	H
6359	G	G
6360	C	C
6361	H	D
6362	G	G
6363	G	G
6364	G	G
6365	G	G
6366	H	H
6367	H	H
6368	G	G
6369	G	G
6370	G	G
6371	G	G
6372	H	H
6373	F	F
6374	B	B
6375	B	B
6376	B	B
6377	A	A
6378	A	A
6379	A	A
6380	B	B
6381	A	A
6382	H	H
6383	H	H
6384	H	H
6385	G	G
6386	G	G
6387	H	H
6388	H	H
6389	G	G
6390	G	G
6391	H	G
6392	H	H
6393	H	H
6394	H	H
6395	H	H
6396	H	H
6397	G	G
6398	H	H
6399	G	G
6400	G	G
6401	H	B
6402	H	H
6403	G	G
6404	A	A
6405	F	F
6406	H	H
6407	F	F
6408	G	G
6409	C	C
6410	F	F
6411	G	G
6412	G	H
6413	H	H
6414	H	H
6415	H	H
6416	H	H
6417	G	G
6418	G	G
6419	G	E
6420	H	H
6421	C	C
6422	F	F
6423	H	H
6424	F	F
6425	C	C
6426	C	C
6427	G	G
6428	G	G
6429	H	H
6430	H	H
6431	G	G
6432	H	H
6433	A	A
6434	G	G
6435	G	G
6436	G	G
6437	G	G
6438	F	F
6439	A	A
6440	F	F
6441	H	H
6442	A	C
6443	A	A
6444	A	A
6445	G	G
6446	H	H
6447	H	G
6448	H	H
6449	H	H
6450	G	G
6451	H	H
6452	H	H
6453	H	H
6454	A	A
6455	B	B
6456	G	G
6457	G	G
